id,phase,step,table_name,status,started_at,completed_at,error_message,rollback_sql,notes
1,Phase1,1.1 Setup Progress Tracking,,completed,2025-09-25 21:27:16.449648,,,,
4,Phase2,2.1 Customer ID Standardization,,pending,2025-09-25 21:27:16.449648,,,,
5,Phase2,2.2 Product ID Standardization,,pending,2025-09-25 21:27:16.449648,,,,
6,Phase2,2.3 Order ID Standardization,,pending,2025-09-25 21:27:16.449648,,,,
7,Phase3,3.1 Referential Integrity Validation,,pending,2025-09-25 21:27:16.449648,,,,
8,Phase3,3.2 Data Cleanup,,pending,2025-09-25 21:27:16.449648,,,,
9,Phase4,4.1 Column Replacement,,pending,2025-09-25 21:27:16.449648,,,,
10,Phase5,5.1 Foreign Key Implementation,,pending,2025-09-25 21:27:16.449648,,,,
2,Phase1,1.2 Database Schema Assessment,,completed,2025-09-25 21:27:16.450111,2025-09-25 21:27:16.460626,,,
3,Phase1,1.3 Data Quality Assessment,,completed,2025-09-25 21:27:16.455414,2025-09-25 21:27:16.460626,,,
