return_item_id,return_id,order_item_id,quantity_returned,item_condition,refund_eligible,restockable
RITDTRO2L4,RET151Y4850,31306,1,like_new,True,True
RIO0W3CP4Z,RET151Y4850,31308,1,damaged,True,True
RIGECO8YSM,RETCE9CDMMB,18297,1,like_new,True,True
RILQ1GIGV1,RETCE9CDMMB,18298,1,like_new,True,True
RIX2TOC2WF,RETHL6PSGI7,3247,1,like_new,True,True
RI1GWVZ56T,RETO08AKFWG,26575,1,damaged,True,True
RI4DC0CN03,RET2C9UI27L,14528,1,like_new,True,False
RISE1FMKEZ,RETN3W5TXTA,21319,1,like_new,True,False
RI955AMXBW,RETX11PS72D,1008,1,damaged,True,True
RIGQ7HFTNM,RETX11PS72D,1006,1,like_new,True,True
RIH84FAF5F,RETILEG300C,4440,1,like_new,True,True
RI31Z9SD7M,RET3PCS3LVK,7512,1,like_new,True,True
RI068OKQCB,RETRGH7YTPN,18349,1,like_new,True,True
RI2W8RU2HW,RETRGH7YTPN,18348,1,like_new,True,True
RICP5XJ02C,RETQFDEDZWL,20240,1,like_new,True,True
RILLDPXM6E,RET1RPCNOI2,19379,1,damaged,True,True
RIDD4SJ92G,RETMC8RDBPF,2607,1,like_new,True,True
RISJGUYS91,RETMC8RDBPF,2606,1,like_new,True,True
RID1PT2W9V,RET0MVGHC3A,14545,1,like_new,True,True
RIXSG5C1CT,RET0MVGHC3A,14544,1,like_new,True,True
RI18SG68EJ,RET2E1KQJPN,788,1,damaged,True,True
RIS5GKQQCA,RET2E1KQJPN,789,1,worn,False,False
RIOZ56V2GE,RETFP10OJCZ,19132,1,like_new,True,True
RIMZMM0T21,RETA6757IEM,262,1,like_new,True,True
RIBPG7IAJO,RETA6757IEM,263,1,worn,True,True
RI1TZV1JVJ,RETY2YDXSA1,66,1,like_new,True,True
RIB31488YY,RETY2YDXSA1,67,1,damaged,True,False
RIMPYFGR4G,RETXYUZ9JMR,26470,1,like_new,True,True
RINMULPZVD,RETXYUZ9JMR,26471,1,damaged,True,False
RIQRYUJ8PR,RET8EIKKY3P,8729,1,damaged,True,False
RISVXY0Y57,RET7HQAHROF,29398,1,like_new,True,True
RIO61ZO457,RETEAIEUAGG,24689,1,damaged,True,False
RIFZCICHWO,RETE3ADWPMW,17576,1,damaged,True,True
RIY2FXAXF5,RETL2NM5VLL,3881,1,like_new,True,True
RIV01D8IDP,RETQNQN2AW0,26031,1,like_new,True,True
RIUKEURLEJ,RET1KSXZQ1C,5104,1,like_new,True,True
RI6GO1EO9D,RET1KSXZQ1C,5105,1,worn,True,True
RIU3J0CUXV,RETSZOLI2H3,24462,1,worn,True,True
RIT21ZBMY5,RETN6JM01XA,3671,1,like_new,True,True
RI8YAH3YIO,RET85T2BFMC,20021,1,like_new,False,False
RINEDKX3ER,RET85T2BFMC,20020,1,like_new,True,False
RIOFLFO0EH,RETLD1ZC01P,13318,1,damaged,True,True
RIS6QT5DY1,RETT04UFAIY,15969,1,damaged,True,True
RI53C3RX1V,RETT04UFAIY,15970,1,like_new,True,True
RI5DJIYYR5,RETKXYBYO1N,18486,1,like_new,True,True
RI325VKQ9L,RETKXYBYO1N,18485,1,like_new,False,True
RIDAKN5ZF4,RETWBF787DN,29109,1,like_new,True,False
RI9TQ8YE5X,RETUSQDZJYV,21441,1,damaged,True,True
RIHJ2NCAH5,RET9NKAH0JE,17671,1,like_new,True,True
RIZ2HL65AK,RET9NKAH0JE,17672,1,like_new,True,True
RIZ53UTV7S,RET7S78FCCY,14471,1,like_new,True,True
RISB6NEIJ4,RETHGQG70QX,9297,1,like_new,True,True
RICII4X2QN,RETHGQG70QX,9296,1,like_new,True,True
RIMBUOB55X,RETP6PAYWL9,7781,1,like_new,True,False
RI3BJTMW8F,RET1T3P5GND,20783,1,worn,True,True
RI5WLN4W7K,RETPGB9P8DG,18642,1,damaged,True,False
RIZ5LL2YR6,RETPGB9P8DG,18643,1,like_new,False,True
RI8BN6RD43,RETDLMAYLVO,12183,1,like_new,True,True
RIRAQAAXG3,RETIQJWJV7P,23955,1,damaged,True,True
RI1E4LM598,RET3PNIF1DV,15499,1,like_new,False,False
RI25SB00PJ,RETE0H8VV5W,16289,1,like_new,True,False
RI6XZV3BW7,RETE0H8VV5W,16287,1,like_new,True,False
RIO5XHM2EQ,RET1XLOIUK1,55,1,like_new,True,False
RINSLZBLX6,RET1S4M0VEE,10380,1,like_new,True,True
RIUZ651WIW,RETSW2QJ7Y5,13538,1,damaged,True,False
RIONDU5HKN,RETUXKCW1A8,1219,1,like_new,False,True
RIDGCAEU6M,RETEQP9YVID,1785,1,damaged,True,True
RIHL250150,RETZ8GDDGWL,26703,1,like_new,True,True
RIUNVN80JB,RET7MQ9M4TX,11933,1,like_new,True,True
RIFDQBGNI6,RETQ3RK1SHX,23026,1,like_new,True,True
RIK70STJE1,RETC55GLIEG,30719,1,worn,True,True
RIV7IW3SXJ,RET3H2GCGFU,16546,1,like_new,True,False
RI1H1LDZK5,RETG89TQWWP,1329,1,like_new,True,True
RIHP4DTUD1,RET1RQYM9NK,20782,1,damaged,True,True
RI5ECD6W4Q,RETARKYSICD,5759,1,like_new,True,True
RIJW61OTST,RETIFYNLHCS,7830,1,like_new,True,False
RI04FKV1C9,RETIFYNLHCS,7828,1,damaged,True,False
RIDWRVQRWD,RETN0YV98LF,4302,1,like_new,True,True
RIMWMHP3KU,RETXL3TTVFO,13802,1,like_new,True,True
RIBL92KLTA,RETJP7EKSUG,31318,1,like_new,False,True
RIBTQWZ1O7,RETJP7EKSUG,31317,1,like_new,True,True
RIX64IIWAX,RETA5F0MORF,2826,1,like_new,True,True
RI6C15TP37,RETI28LESWP,9685,1,like_new,True,False
RIMOG2TFZQ,RETI28LESWP,9687,1,like_new,True,True
RI5JNEU8LZ,RETGPQTI8PK,9330,1,like_new,False,True
RIT4JIPSIC,RETJA3ZU684,9971,1,like_new,True,False
RIXEW4MTI3,RETJA3ZU684,9969,1,like_new,True,False
RII1MFC8VW,RET1H899LUD,810,1,like_new,True,True
RILED31OOB,RET1H899LUD,811,1,like_new,True,True
RI1H558VK5,RET5P97COAN,20181,1,like_new,True,True
RI2TAK4W6S,RET5P97COAN,20182,1,like_new,True,True
RIXIWRPEXQ,RETO0RZ0UDU,27802,1,damaged,True,True
RIRWLSKZ6T,RETUP6KFGX2,23,1,like_new,True,True
RIYRLZSOWF,RETE79UAYI6,30247,1,damaged,True,True
RIJ2YKONHQ,RET1N2VZVOK,16030,1,like_new,True,False
RICRS9MQWO,RET1N2VZVOK,16032,1,like_new,True,True
RIJ2XG4CSF,RETP55PTQ68,17456,1,worn,True,True
RI3WY5FOYW,RETU71JEDIP,14957,1,damaged,False,True
RILT5Q9VR1,RET7CF6F2ZE,8603,1,like_new,True,True
RI2HZ1S3BG,RETP72V241V,14167,1,like_new,True,True
RIS7GX89QA,RETLTQRWZYH,11026,1,like_new,True,True
RIF8I34Q78,RETIVPVD3BS,7523,1,like_new,False,False
RIX4CMYMCX,RETYB9CU1BZ,7623,1,like_new,True,False
RI8IDOW9LN,RETYB9CU1BZ,7624,1,like_new,False,True
RIUW4HQ24J,RETZS2G8EFM,16237,1,like_new,True,False
RIMUFOWTCL,RET8RVUJPWZ,14510,1,like_new,True,True
RIDJ8J7763,RETC5PGXK9R,15391,1,worn,True,True
RINOVFTLZ1,RET6A3X0Y7H,8112,1,damaged,True,True
RI69KKMTD0,RETMJWT80XI,4723,1,like_new,True,True
RIQY0Z27E6,RET2UPCXFZ5,17517,1,like_new,True,True
RI8XLW7CIU,RET5IVXWWNU,22050,1,like_new,True,True
RIS25XBUOC,RET9987Y76J,8034,1,like_new,True,True
RINLKEXAPE,RET9987Y76J,8033,1,worn,True,True
RIRTDC2TIJ,RETGF6AIRUK,6277,1,like_new,True,True
RIRPHVBP9R,RETZZK3M3BX,21022,1,worn,True,True
RICFQB5VCP,RET6JG5KZY2,15408,1,like_new,True,True
RIZ2WJGK06,RET8ERVM7GG,14128,1,damaged,False,False
RINKJU8ZG9,RET8ERVM7GG,14126,1,like_new,True,False
RIKYMMBOJB,RETP9NY81H5,15758,1,damaged,True,True
RIN0M0NR4R,RETP9NY81H5,15757,1,like_new,True,False
RIDT7N0X8M,RETWC7BQDRQ,18890,1,worn,True,True
RI6O08A54B,RETQ7SUQQDT,21380,1,like_new,True,False
RIGT7D7YFF,RETQ7SUQQDT,21381,1,like_new,True,False
RI3UIDDDUX,RETG8LKAU21,28574,1,damaged,True,False
RIG0N6LFSH,RETWH4RBFCC,953,1,damaged,True,False
RISUU8FEFV,RET5AFSH6Q1,18897,1,damaged,True,True
RIV6GXV7EY,RET5AFSH6Q1,18898,1,like_new,True,False
RI169XTT31,RETUBI5K49I,27041,1,like_new,False,True
RIHYFNCZEZ,RET8VDD39UT,25914,1,damaged,True,True
RIHPEQX4MG,RET8VDD39UT,25913,1,damaged,True,False
RI18XCYCDD,RETYC2M4DGL,20784,1,like_new,True,False
RI6PG4D2FW,RET24PSY131,4885,1,like_new,True,True
RI4695D1UT,RET24PSY131,4886,1,like_new,True,True
RIBD67CBX8,RET34KV4WY2,7661,1,like_new,True,True
RIFN7UNJXG,RETMQU1EI5A,16379,1,like_new,True,True
RIW4ZOVIW8,RETWLTAMFVQ,17075,1,like_new,True,True
RIH401YMV6,RETWLTAMFVQ,17074,1,damaged,True,True
RIH35IV3PY,RETPREC6ORG,14985,1,like_new,True,True
RIEOAK56O8,RETPREC6ORG,14986,1,like_new,True,True
RI6IWC0KSL,RETM98VZ368,21247,1,worn,True,True
RI1LKKNQP0,RETM98VZ368,21249,1,damaged,False,True
RIVITLTWAU,RETWF5UGYUW,14757,1,like_new,True,True
RIGRHLD8VI,RETWF5UGYUW,14760,1,like_new,True,True
RIG2V6H4BJ,RET6IHEQAX5,17509,1,like_new,True,True
RI3A1J3KBX,RETYEZTFWGV,31570,1,like_new,True,True
RIJ0DVGY9Y,RETOQBBW3Q4,31374,1,like_new,True,True
RIJVPRE8EA,RETOQBBW3Q4,31375,1,like_new,True,False
RITIUDZTU0,RET9448YKGD,3297,1,like_new,False,False
RI2C6W45WC,RET9448YKGD,3295,1,like_new,True,True
RIWDUU6TBL,RETZOPSRUJG,7359,1,like_new,True,True
RIGOHPHHB7,RETZOPSRUJG,7360,1,damaged,True,True
RILRDXTKO9,RETYFAVLT5A,12015,1,worn,True,False
RIV601SQKB,RETYFAVLT5A,12016,1,like_new,True,True
RITEJ6T9XB,RETMH4H2WKA,21216,1,worn,False,False
RILPG5NZQX,RETMH4H2WKA,21215,1,like_new,True,True
RIQHMWCGZB,RET0LV522WF,14539,1,damaged,True,True
RI6QNZ5F3U,RET1C6V2BPD,22447,1,like_new,True,False
RIIQDQQE85,RET5XI0BU3Z,8383,1,like_new,True,True
RIJSOPR6I4,RET9AQYMQFO,9194,1,like_new,True,False
RICEE3AX3H,RETJYPTKZ45,13888,1,damaged,True,True
RIR5LGNPIN,RETG3L98TQB,14426,1,like_new,True,False
RI0GUT5T3O,RETNOT3SQAS,29904,1,damaged,True,True
RIF9VM81HI,RETCM5TGS8P,22424,1,like_new,True,False
RIAPWSW5UG,RET78EG05K3,25707,1,like_new,True,True
RIZ8K9QZ80,RETKYK8L25B,27613,1,worn,True,True
RI1TWN6KBD,RETX0NLLJW7,21848,1,like_new,True,True
RI4UF6OFAD,RETXSQI51A1,6131,1,damaged,True,True
RIKX79KHGF,RET90GO0CQ5,20223,1,damaged,False,True
RIF3I1J9GH,RET90GO0CQ5,20224,1,like_new,True,True
RI7W38AGSV,RETCBWMATJZ,26020,1,like_new,True,True
RIFFWJCAL4,RETKUBWN1V9,15887,1,like_new,False,True
RI8DXGZY9E,RETKUBWN1V9,15886,1,like_new,False,True
RIQV00YS69,RETY2N2NDM4,4638,1,damaged,True,True
RIM2WG4Y39,RETD3I16532,7417,1,like_new,True,True
RI0GE0BQJZ,RETD3I16532,7416,1,like_new,False,True
RIEMZ2VYW7,RETA1A0U35Q,13475,1,like_new,True,True
RIJ4CR8IKW,RETKJIG9HDJ,4928,1,damaged,True,True
RI3IZJVO6T,RET1BRJINHD,15884,1,worn,True,True
RID5MPTSBC,RET633EUFH6,15522,1,like_new,True,True
RI7HW6FRCA,RET633EUFH6,15524,1,like_new,True,True
RIXFVB5OP4,RETTGT5IU6C,80,1,like_new,True,True
RI1ZGSW4KU,RETNBWNVTED,12949,1,like_new,True,True
RIMECWOVA7,RETT1K3DGX0,28486,1,like_new,False,True
RIWHOUI3A7,RETZ7VGIY92,31487,1,like_new,True,True
RIAMR42P1V,RETZ7VGIY92,31486,1,like_new,True,True
RIK6XU7PWJ,RET38HV41LK,31767,1,worn,True,True
RI1I2GKJC3,RET38HV41LK,31766,1,worn,True,False
RI99ZN52XR,RET07CJKO93,20927,1,like_new,True,True
RIPZFJWDTY,RET07CJKO93,20926,1,damaged,True,True
RIF54X196S,RET2XJI8P6U,5053,1,damaged,False,True
RI5RVFT6ID,RET2XJI8P6U,5054,1,like_new,True,True
RIAC8RJZ8S,RETT8N201YJ,2996,1,like_new,True,True
RIW026XRAG,RET0SYZ8AO3,14162,1,damaged,True,True
RI3B9MFXT0,RET2FH9JCV4,11310,1,damaged,True,True
RIKYC6F477,RET8OPBDHAL,13010,1,like_new,True,False
RI5FEJPTMI,RET7B6UMX6Z,19267,1,like_new,True,True
RIH41FCCMA,RET7B6UMX6Z,19268,1,like_new,True,True
RI3WXFI90P,RETOI4KLCPZ,23005,1,like_new,True,True
RIZWMWDD1I,RETOI4KLCPZ,23003,1,like_new,False,True
RI9JD0SGUT,RETHYF3CB90,24363,1,like_new,True,True
RIAY87T7IB,RET6YC6CYTR,17153,1,like_new,False,True
RIVGJ07ZLQ,RET6YC6CYTR,17152,1,damaged,True,True
RIRIFJ94BF,RETSQ94EQRN,16883,1,like_new,True,True
RI7SDSH513,RETSQ94EQRN,16884,1,like_new,False,True
RIEZH92E65,RETRJNESJVT,2461,1,like_new,True,True
RILJZ9JA2U,RET9EII04P5,7240,1,like_new,True,True
RIDCNUTYLQ,RETWOJTFT76,19621,1,damaged,True,True
RISBVH0A5E,RETB04TFKC0,17096,1,worn,False,False
RIZBY6FW6O,RETB04TFKC0,17097,1,like_new,True,True
RIBU64C0LY,RETUWQR5BBG,20207,1,like_new,True,True
RI9CARME6C,RETUWQR5BBG,20208,1,like_new,True,True
RITWNAGKF2,RETMDCGZJKF,6841,1,like_new,True,True
RIEX17WSRC,RET93TAPBWU,9596,1,like_new,True,True
RI2V8FE1YF,RET93TAPBWU,9597,1,like_new,True,False
RIMJGQCFKG,RETFLP2N3FD,28837,1,like_new,True,True
RIY2SGBWC6,RETHOORKCMJ,19676,1,damaged,True,True
RITBUT5ESP,RETHOORKCMJ,19674,1,like_new,True,True
RIR4PT6FCW,RETGMK6DRYZ,17827,1,like_new,True,True
RI810OUE0U,RETERI3I952,10799,1,like_new,True,True
RIEG3A7UVE,RETJME63Q67,14398,1,worn,True,True
RIB8JJJXS6,RET2S0ERXOP,19812,1,like_new,True,True
RI794VAAKZ,RETOBCGWFHR,5523,1,damaged,True,False
RIBB1AL416,RETUSLPOPLY,17825,1,like_new,True,False
RIHPKEMZ77,RETBE3A3RW5,11442,1,like_new,True,False
RI3LB9H9WC,RETTJLR8GRW,29204,1,damaged,True,True
RIXZ69TFF7,RETXBJDA6ED,23379,1,like_new,True,False
RI8UVFJBYK,RETFMPTDY6Y,554,1,like_new,True,True
RIVC71HSRG,RETFMPTDY6Y,553,1,like_new,True,True
RIA35G3HYU,RET8SKFGY42,19542,1,like_new,True,True
RIZLSRSMH3,RETHZUP0DDF,26762,1,damaged,True,True
RI12RXYVVY,RETHIIDEJZL,21270,1,like_new,False,True
RIO0779ERL,RETNIOH0UVO,4330,2,damaged,True,True
RIQMI67EGW,RETNIOH0UVO,4329,1,damaged,True,True
RIZ8UU2GRZ,RETVCH1HSU6,24053,1,like_new,True,True
RIDG2LIIAO,RETVCH1HSU6,24055,1,like_new,True,True
RI7ATODYR5,RET6FFJAL6R,29671,1,worn,True,True
RIDKFZEE41,RETJC5B5LGD,31320,2,damaged,True,False
RIQ7PIO2MU,RETJC5B5LGD,31322,1,like_new,True,True
RIY0AQE6ZA,RET9H9XSZM9,16467,1,like_new,True,True
RI677BYNKH,RET9H9XSZM9,16468,1,damaged,False,True
RIIIWRS1NL,RETI1ZWPBP4,29560,1,like_new,True,True
RIB8EJZGMZ,RETI1ZWPBP4,29561,1,damaged,True,False
RI1S86QQJW,RETV3T4LF23,23361,1,like_new,False,False
RIJ779MHJM,RETK8FT51NT,20091,1,like_new,True,True
RI8ERUXLKF,RETK8FT51NT,20090,1,damaged,False,False
RIRRK43AY7,RETK1F6B3I7,2816,1,damaged,True,False
RIDTKMKJ0Z,RETK1F6B3I7,2815,1,like_new,True,True
RIKC05KJK5,RETY10XIOPP,10528,1,like_new,True,True
RITR206BWQ,RETJ6OK2KEP,4763,1,like_new,True,True
RITJ4Z1DB8,RET8C8LW0SN,19959,1,worn,True,True
RIUND0E7RZ,RETZS3HZWGI,11988,1,like_new,True,True
RIUBOBJD7R,RETVGXPREKD,6604,1,like_new,True,True
RIJUJ2VKYM,RETVGXPREKD,6605,1,like_new,True,True
RIGI0BW6BT,RETH8JRDVJV,8501,1,like_new,True,True
RIQNQ64WCE,RETH8JRDVJV,8502,1,like_new,True,True
RIDNE9SJZ5,RET9ZN9N8LO,10397,1,damaged,True,True
RI67CDQKKU,RETVSJA5C3Y,26285,1,like_new,True,True
RIQOLYTHAB,RETVSJA5C3Y,26286,1,like_new,True,True
RIL74QWPRD,RET2SJY4R95,6452,1,damaged,True,True
RIO464MKXB,RET2SJY4R95,6451,1,like_new,True,True
RI54GHEXM6,RETJ5MN08SB,1982,1,like_new,True,True
RIV5183FR6,RETJ5MN08SB,1981,1,like_new,True,True
RI1CHIZXDS,RETXXHQM4XN,12610,1,damaged,True,False
RI7M0228IM,RETZZ6D4864,19100,1,damaged,True,False
RIVKGXGXDW,RETZZ6D4864,19099,1,damaged,False,True
RI1PGTUCQY,RETK46TA4R4,5889,1,like_new,True,True
RINI428ZYO,RETQBHI4G4W,14593,1,like_new,True,True
RIZ16GOFGL,RETF6COMBUU,1271,1,like_new,True,False
RIFHZTD033,RETN2DZVLOI,23410,1,like_new,True,True
RIDNF6SW05,RET47GFONIX,1051,1,damaged,True,True
RIR0CJU0EC,RETVAQQS6FB,2571,1,like_new,True,True
RISPH0EJW5,RET0YKY268G,5383,1,like_new,True,True
RI4EUCPGQZ,RETTCX4OZTX,20649,1,like_new,True,True
RI1P5AMQX3,RETTCX4OZTX,20648,1,damaged,True,True
RI0LZUNNQG,RET6QJ81LVI,9658,1,worn,True,True
RIZKW9MVOL,RET6QJ81LVI,9657,1,damaged,True,True
RIQ4R058LG,RETXR80OUWC,15822,1,like_new,True,True
RIAJGII9OZ,RETMSI9WY54,21938,1,like_new,True,True
RIRGP52AS6,RETMSI9WY54,21939,2,like_new,True,False
RI1LW2WXWT,RETQGQWXGD6,14688,1,damaged,True,True
RI9GFYGR8Y,RETKL5X1X9F,727,1,like_new,True,True
RIHXZFH4ZQ,RETKL5X1X9F,726,1,worn,True,False
RI40F3BJSC,RETWWGNCOHA,22130,1,like_new,True,True
RIZ4YR6LOP,RETWWGNCOHA,22129,1,damaged,True,True
RIVJYMK0MD,RETRZO0LPVR,29779,1,like_new,True,True
RI5DKIH5F4,RET8S0SHOIU,19144,1,damaged,True,True
RIKKGV3FSD,RET8S0SHOIU,19143,1,like_new,True,False
RI1KF6SJKR,RETAH1E1U9J,24768,1,like_new,True,True
RIAZ7WU7DF,RETAH1E1U9J,24769,1,like_new,True,False
RIDZR27T1Z,RET6N1M2P4V,23223,1,worn,True,True
RIXYV27LLM,RETN46JHEPR,1570,1,worn,True,True
RIXJMFMV6E,RETICQU6D2B,2564,1,like_new,True,False
RIWQQTKPVV,RETICQU6D2B,2565,1,damaged,True,True
RI4GAK7PJ8,RETBNNTVA3T,25022,1,damaged,True,False
RIV9OSH38O,RET7D1NHKOQ,15223,1,damaged,True,True
RIKHORTK4Z,RET7D1NHKOQ,15222,1,worn,True,True
RIL9EAZKV5,RETU0C21LTH,14094,1,damaged,True,True
RI19ICA5PX,RETPHAF3RQY,29730,1,damaged,True,True
RIII4CDTUZ,RET8H0206R2,24586,1,like_new,True,True
RIR7VPN1LJ,RET8H0206R2,24588,1,like_new,False,True
RIPX4S2TNB,RET1FA3JJ9C,2788,1,like_new,True,True
RIC4B9Q2S5,RET1FA3JJ9C,2789,1,like_new,False,False
RIMIH0VIFR,RETJ100FNE4,19210,1,damaged,True,True
RIH97BJWT1,RETZCFKAEWU,4201,1,like_new,True,True
RI9Y6BEXLR,RETZCFKAEWU,4202,1,damaged,True,True
RILLVXQU4I,RETK2VVYOOZ,7119,1,like_new,True,True
RIF550UOMG,RETYE2LZZK3,9983,1,like_new,True,True
RIEUQTNMIM,RETYE2LZZK3,9982,1,worn,True,True
RIHTEAOJUL,RETE7Y86AI6,2631,1,like_new,True,True
RI7RLDGISE,RETE7Y86AI6,2634,2,damaged,True,True
RIN9YDAXZA,RETZMM4HFBJ,10319,1,like_new,True,True
RI1OZNF6WG,RETO6W8R61Z,21645,1,like_new,True,True
RIJCLDT90N,RETO6W8R61Z,21642,1,damaged,True,True
RIVFAPVNCP,RETICFQ1LNO,31262,1,worn,False,True
RIDMQF8ZXH,RETY4KD0E3S,23767,1,like_new,True,True
RISKJU3MIT,RETY4KD0E3S,23768,1,like_new,True,False
RI1K954DWP,RETJBEHNDGT,9626,1,like_new,True,True
RIQ3FCJIYQ,RET494UW2Z9,26025,1,like_new,False,True
RIWDCUXFVD,RET494UW2Z9,26024,1,damaged,True,True
RI2EJMQZ7P,RETYGHFIEI1,6758,1,like_new,False,True
RI9873B878,RET1UDE2ZQV,25477,1,like_new,True,True
RIC2PJGLUV,RET1UDE2ZQV,25476,1,like_new,True,True
RIRP0ZUCC8,RETTEQ98ZXL,29117,1,damaged,True,True
RI6UUOWEPE,RET1D4GQDUX,26874,1,damaged,True,True
RIFLVPCISQ,RET1D4GQDUX,26873,1,like_new,True,True
RINVCMH6L1,RET2RB4FKVW,9517,1,like_new,True,True
RI60W3TN52,RETY094U5NN,8282,2,like_new,True,True
RI6CNQ3HKN,RETCM8CJWJA,29751,1,like_new,True,False
RI4882FKME,RETCM8CJWJA,29750,1,worn,True,False
RI9DGEGZF2,RETPN5BQTM0,7407,1,like_new,True,True
RI8O79O3PW,RETPN5BQTM0,7406,1,damaged,True,True
RIEQAU2VWF,RETELTAT5CO,368,1,like_new,True,True
RILQNTX7NY,RET2131QB2W,19869,1,damaged,True,False
RIMA8NW4A4,RET8AKT6FT1,31268,1,like_new,True,True
RI3SMJV72J,RET8AKT6FT1,31266,1,damaged,True,True
RIW5EKP6XT,RETCQ6UQL8O,25885,1,like_new,False,True
RIQACRG24X,RETJCINFI2C,20383,1,damaged,True,True
RIG7KFYVQP,RETCYK72LG2,29142,1,like_new,True,False
RI90YOCRNR,RETCYK72LG2,29144,1,like_new,True,True
RIY8134I1J,RETJQW50ANZ,23764,1,like_new,True,True
RIR1SV4KLR,RETGP9HRN0R,16861,1,like_new,False,True
RIYGDUVXUJ,RETNELOKJJ2,15933,1,like_new,True,False
RIWN6DU390,RETRY4N6UYH,8158,1,like_new,False,True
RI7XGSRBKN,RETRY4N6UYH,8157,1,worn,True,True
RIXM48M6RI,RET6Q6PAL23,16102,1,worn,True,True
RI5O3YONSV,RET9OB00QYK,8737,1,like_new,True,True
RIRGCAJNDS,RETSYTDWR8P,17836,1,like_new,False,True
RI9TBS009Z,RET2GRCCASF,6421,1,damaged,True,True
RIS71N6YIZ,RETEAQHK999,10744,1,damaged,False,True
RISPT777DW,RETEAQHK999,10745,1,worn,True,True
RIA5Z06690,RETFU643ZCJ,28411,1,worn,True,True
RI3C9NS031,RETLH3KVVWM,12657,1,damaged,True,True
RI5L6WA8YB,RET5EOAFF6Y,5820,1,like_new,False,True
RIQXK145LY,RET5EOAFF6Y,5821,1,like_new,True,True
RITO8LCTSW,RETIJP0G4V1,13186,1,like_new,True,True
RIUDUWP227,RETQKCHJ50M,25138,1,damaged,True,True
RIWP4V65X8,RETV5XBVGV7,471,2,like_new,True,True
RI9106J3M3,RET2BM2HGNN,21692,1,damaged,True,False
RIP76CUV9B,RETNV2ID0B8,17631,1,damaged,False,True
RIRK8SSRQR,RET4Z0HYSYY,11316,1,like_new,True,True
RI5YTJN6WM,RETJDWBF1EB,20188,1,damaged,True,True
RITQN0XXFS,RETCT8XJEVK,11224,1,damaged,True,False
RICS5UA8ZN,RET8ZOFMKBL,9724,1,like_new,True,True
RI3NDMYDXY,RET8ZOFMKBL,9725,1,worn,True,True
RIC8L136L2,RETC3F8H2L9,5030,1,like_new,True,False
RI7M44GOSA,RETI0F6JKKN,6078,1,like_new,True,False
RI0PB03KLB,RETQTV3GJEY,4518,1,like_new,True,True
RI7CDK7MU5,RETVWE5YDMQ,3177,1,like_new,True,True
RIACX9A9WX,RET4QQXHNRR,26407,1,like_new,True,True
RICRSG1TRD,RET4CFJUY6L,2040,1,damaged,True,True
RIEN1MI8KQ,RETOTOC64JU,23992,1,like_new,True,True
RIFFAE90SS,RETOTOC64JU,23994,1,like_new,True,True
RISO7PQ4BB,RETU4B8AM3S,17516,1,worn,True,True
RI2V7LMF4T,RETU4B8AM3S,17515,2,like_new,True,False
RI53L0P7BK,RET2K8IRR4A,7264,1,like_new,True,True
RIGBS229DD,RETJ209YY7U,15684,1,damaged,True,True
RIH9SN4PDW,RETJ209YY7U,15683,1,damaged,True,True
RIHNHWD22L,RETXYO6T7ZB,24759,1,like_new,False,False
RIRLJC36H4,RETA3WRT2LW,18403,1,like_new,True,True
RI2XEKJ7DU,RET1BIOPNG3,9973,1,like_new,True,True
RIELYAH2IR,RETHPBUUNTW,24748,1,like_new,True,True
RI2S3WS40V,RET92BF7UUL,564,1,like_new,True,True
RIAPCE40YJ,RETMBHAQVGH,8081,1,like_new,True,True
RIIO07KI65,RETOWPWHURM,20132,1,damaged,True,True
RIW8SURJEU,RETJ56NMX20,19240,1,damaged,True,False
RIEGD6FF8L,RETJ56NMX20,19241,1,like_new,False,True
RIULVPT7FR,RET14K7G0DR,16037,1,like_new,True,False
RIZYZAG04W,RET14K7G0DR,16038,1,like_new,True,False
RIG7DV1HGR,RET9NYSWGR3,11211,1,like_new,True,True
RIERFJWZW7,RET9NYSWGR3,11210,1,like_new,True,True
RIZC2DSSD1,RET271M7IGY,12021,1,worn,True,True
RIT1VC3A63,RETJRAI37PR,13018,1,like_new,True,True
RIOUKSDZLN,RETJRAI37PR,13017,1,like_new,True,True
RI2RY8D3HY,RETXKMHCE47,20168,1,worn,True,True
RI12ZJ8X01,RETXKMHCE47,20166,2,like_new,True,False
RIR4KVOHBB,RET7SBOQC51,22170,1,like_new,True,True
RIY9DG0KGI,RET18AOBRPV,14382,1,damaged,True,False
RITKZUH7QH,RET7SHXQ9S9,9178,1,like_new,False,True
RIAHG7VVOO,RETK1NF7P5N,7680,1,like_new,True,False
RIZ43CDJWG,RETMHZNEUNI,25026,1,damaged,False,False
RI990BEXY6,RETMHZNEUNI,25028,1,damaged,True,False
RIC4OX9VYZ,RETDB4BHZHP,28959,1,like_new,True,False
RIY6G33FR4,RETDB4BHZHP,28958,1,like_new,True,True
RI7PW3ENBB,RETJAXJAO7Y,3060,1,like_new,True,True
RICFIW15XU,RETJAXJAO7Y,3062,1,like_new,True,True
RIHOQFLWIC,RETHIOW1NR0,25062,1,like_new,True,False
RIMERZ51RN,RETHIOW1NR0,25061,1,like_new,True,True
RI10K20LQ5,RET6CKEJ8N0,22559,1,like_new,True,True
RIBNY13XCC,RETTB200TKV,3814,1,worn,True,True
RI0MQCLF4N,RETTB200TKV,3813,1,damaged,True,True
RINX72HXS3,RET6AFXROU5,20574,1,like_new,True,True
RIL88GP8ZK,RET6AFXROU5,20573,1,damaged,True,False
RIS6WFSO6Q,RETORYCA8T1,20957,1,like_new,True,False
RIWMHFE84B,RETORYCA8T1,20955,1,like_new,True,True
RIAQFK7QIO,RETQ141KOJQ,11491,1,like_new,True,True
RIQLMTKYU1,RETO412EO0M,30450,1,like_new,True,True
RI9BC29QB0,RETJUDVY5HS,30479,1,like_new,True,True
RI3L3SB2RA,RETHIYP2IZ1,21957,1,like_new,True,True
RIJAEJWAXQ,RETHIYP2IZ1,21958,1,like_new,True,False
RI9MCAQC2M,RET0O39PXYV,13527,1,like_new,False,False
RIR403S28Z,RET7ZJV3O8P,25535,1,like_new,True,True
RIS5JL58ZE,RETHP13WZZM,4727,1,worn,True,True
RIEITRKEKU,RETFWO09TYQ,15154,1,like_new,True,True
RICOMJBCKN,RETWER1ZEHR,7959,1,damaged,True,True
RI0VQV9FNC,RETWER1ZEHR,7958,1,damaged,False,True
RIXW8ZTBJU,RETBJJL96PL,10557,1,like_new,False,True
RI1ZHL0TCU,RETBJJL96PL,10558,1,like_new,True,True
RIJZ7HX2IT,RETAHIBUC2Q,5640,1,damaged,True,True
RI16OVRHYP,RETN1IFKYTA,18278,1,worn,False,True
RIRODOVKNV,RET15NC7I9Q,16028,1,like_new,True,True
RIFVKHKOLZ,RET6BKX2GEB,24328,1,worn,True,True
RIFBORGMOV,RET6BKX2GEB,24327,1,like_new,True,True
RILQLZB2DX,RETY6LU9SP7,20825,1,like_new,False,True
RIB9I8IZLO,RET9KO6VZ01,15332,1,like_new,True,True
RIMUUW9OT5,RETU2N6P4RT,15471,1,damaged,True,True
RI6WTX84V6,RET56CV5A4M,31557,1,like_new,True,True
RIBSGKYAVA,RETL9YZ5SIL,20230,1,like_new,True,True
RIKDUFZW3G,RETL9YZ5SIL,20232,1,like_new,True,True
RIAIVJE4CN,RET6XCQW7YK,20799,1,like_new,True,True
RI3UDPJ7R2,RETSIYL5G7J,4659,1,like_new,True,False
RI9BOFZN1V,RETSIYL5G7J,4662,1,like_new,False,True
RIJ4V1NTOM,RETDS99WXNL,3273,1,damaged,True,True
RICMOUIQIF,RETDS99WXNL,3274,1,like_new,True,True
RIHD9ON6TL,RETXMWJ705P,28482,1,like_new,True,True
RIUS5J9195,RET9YUIE2K6,1233,1,worn,True,True
RIFSXW8DFK,RET5VAJARGJ,27611,1,like_new,True,False
RIWBTBNBX0,RETYVR9OTGP,3346,1,like_new,True,True
RID9QUOKUR,RETYVR9OTGP,3347,1,like_new,True,True
RIP1KH2WQY,RET3OLFZLZA,17139,1,worn,True,False
RI00IKVUM7,RETG4KTQ0K6,26203,1,like_new,True,True
RI4TJ31OO2,RETO7TWESQ6,8061,1,like_new,True,True
RIDB7BL65P,RET4CSOAH22,22203,1,like_new,True,True
RIA58C7NLP,RET4CSOAH22,22204,1,like_new,True,False
RIJ2RM90M7,RETY4ROGVEC,28147,1,damaged,True,False
RIVPSTT0I5,RETRUSQ782Q,6979,1,worn,True,True
RI7CRRFSWU,RETRUSQ782Q,6980,1,worn,True,True
RI98GG1RC2,RETD6MJNNWZ,14010,1,like_new,True,True
RIGIZ86LE9,RETP2Y240WY,23748,1,like_new,True,True
RIH93EGEMH,RETA3VM8OUB,28021,1,damaged,True,True
RIQH5QJVIW,RET6OGFEHXS,23421,1,like_new,True,True
RIJLHHXE1K,RET6OGFEHXS,23420,1,like_new,True,True
RIPJ1IQVU1,RET6L0GK7U2,15384,1,like_new,True,True
RIGOGDI4WQ,RETYFR9P8UH,23657,1,like_new,True,True
RIHRRE9S99,RETYFR9P8UH,23656,1,like_new,True,True
RI6ASGOQQE,RETBMZQHAMS,29589,1,like_new,True,True
RI89W3GIDY,RETBMZQHAMS,29590,1,like_new,True,True
RI8A2KA20Z,RETWW17QDL6,12993,1,like_new,False,False
RIL39Q5N1T,RETWW17QDL6,12994,1,worn,True,True
RIXA5QAOMX,RETR26TU0SQ,1454,1,damaged,False,True
RI136NBMI5,RETEYWTYLJB,24352,1,like_new,True,True
RIMQAZLBER,RETXK28RNOX,22200,1,like_new,True,True
RITUJHJE9M,RETXK28RNOX,22202,1,like_new,True,True
RILF3IAP1F,RETY3D3MGNM,9611,1,like_new,True,False
RIG5UVDJWF,RETY3D3MGNM,9610,1,like_new,True,True
RIPYLJLIKW,RET1YEXW6PL,14143,1,like_new,True,True
RIWXDRZJFX,RETUKWWSFOO,17353,1,worn,True,True
RI4VRBXNYG,RETDCY9TEYZ,15257,1,damaged,True,True
RIVRTCD3XB,RET492CMU1X,28628,1,like_new,True,True
RIM3AQNX0P,RETPH556UX4,12908,1,damaged,True,True
RI9RTQX782,RETXC8KB9TL,16667,1,like_new,True,False
RIHPH2MFX3,RETZZT15Z63,18999,1,like_new,True,True
RIECYX1VKV,RETZZT15Z63,19001,1,like_new,True,True
RIC3AR6JPW,RET1LYUOP4N,24513,1,like_new,False,False
RICYCRXZNA,RETS4Y8SY1I,27436,1,like_new,True,True
RI5NYCN68E,RETS4Y8SY1I,27435,1,like_new,True,True
RIIPDDJ5PB,RETW484HN3K,17265,1,damaged,True,True
RID0QTVB09,RETMKAFU1LT,19019,1,like_new,True,False
RIJKNA2385,RET75F7BH5D,17263,1,like_new,True,True
RI79B3V9B2,RETZ8ACZ408,11312,1,like_new,True,True
RINN7PLMS9,RETZ8ACZ408,11311,1,like_new,True,True
RIN26MDUS5,RETUQRW7TTC,22288,1,damaged,True,True
RIKZNEDP3E,RET646TK25Y,18798,1,worn,True,True
RIIU6ATTCU,RET646TK25Y,18800,1,damaged,True,True
RIXNJVARXG,RETTWSXVWI1,4366,1,damaged,True,True
RIDPV396A3,RETTWSXVWI1,4367,1,like_new,True,True
RIL6PIOAOX,RETLJDKQNOL,16815,1,like_new,True,True
RIOJZ20DGQ,RETJS1Q5DVJ,29152,1,damaged,True,True
RI8QZM96XP,RETF9YETVFM,6047,2,damaged,True,True
RIMLBT7T0K,RETAFFSGF0E,10492,1,like_new,True,True
RI54AA7MZ8,RETAFFSGF0E,10493,2,like_new,True,False
RILLIWHGEG,RETL1NUEWZ2,9363,1,like_new,True,True
RICMY69QC5,RETW5HM3BV8,26615,1,like_new,True,True
RIWESH87SD,RET39TZ3V1J,28890,1,like_new,True,True
RIDM6HNAFE,RET3MJHWI70,7213,1,worn,True,True
RIUOLDC5WM,RET3MJHWI70,7212,1,like_new,True,True
RITMTFVKII,RETRUYFOIXW,19218,1,like_new,True,True
RIC93ME18I,RETXTKDT0AN,22984,1,damaged,False,True
RI493SB9Q4,RET8G2LWF0Y,13618,1,worn,True,False
RIN050VAME,RETL2LZ48CJ,10301,1,damaged,True,True
RIY1W0RTSL,RETXT7PQOGM,21823,1,worn,True,True
RIQQRPVVTD,RETXT7PQOGM,21825,1,like_new,True,True
RI98JBUL6Z,RETE0CQ5MTI,27218,1,damaged,False,False
RIUT9YB5CM,RETE0CQ5MTI,27217,1,like_new,True,True
RIJ4P6N19Z,RETODBNUP7W,10841,1,like_new,True,True
RILASYPJQK,RETPWEP3D7Q,24740,1,like_new,True,True
RICJ7UMHHD,RET3TYP5JXZ,3101,1,like_new,True,True
RIT03WUONA,RETF1LB2JRJ,15078,1,like_new,True,True
RIUQJMANDN,RETF1LB2JRJ,15077,1,like_new,True,True
RIMH57EUPU,RET3O09AG4K,23066,1,like_new,True,True
RI2RWA3ES2,RETEZAPURXM,28522,1,like_new,True,True
RIRNI8SGFW,RETEZAPURXM,28523,1,like_new,True,False
RI7NBYQD7X,RET2MG6G6SK,17871,1,like_new,True,True
RIVBEDXR4B,RETXCOJPCK3,7205,1,like_new,True,True
RIFAOSVCCG,RETXCOJPCK3,7204,1,worn,True,True
RIJVSLFWN5,RET3D8Y6FEB,23865,1,like_new,True,True
RIVZ0HNTZU,RETSAAUFA2K,16142,1,like_new,True,True
RIDWQQ0Q8S,RETRGPK5LHA,9522,1,like_new,True,True
RI85JJ9MQJ,RETITEP2I6K,820,1,like_new,True,False
RIG2GMDIQG,RETUK01AL32,10955,1,like_new,True,True
RINTZAUT4P,RETUK01AL32,10954,1,like_new,True,True
RIVPJ36G69,RETFQCFJOPV,26342,1,damaged,True,False
RIM3XUTQFF,RETFQCFJOPV,26341,1,like_new,True,True
RIG9P0SF9T,RETS9DMLFX7,22379,1,like_new,False,False
RIAF5E03OX,RETS9DMLFX7,22377,1,worn,False,True
RI9EYH5Q2P,RETUB7CET51,11879,1,damaged,True,True
RIVV07M9WV,RETD05YMAW7,26126,1,like_new,True,True
RIWZLVVIJM,RETD05YMAW7,26127,1,like_new,True,True
RICK0THZO6,RET3EEO4WOV,20711,1,like_new,False,False
RIASWP0J3B,RETHJD2T3D8,3320,1,like_new,True,True
RI7WFXEYD7,RETI53H7HZJ,8095,1,like_new,True,False
RIB1QM5JP7,RETI53H7HZJ,8096,1,like_new,True,True
RIXBLDP0EK,RETMWTXPHVH,29102,1,worn,True,False
RIT8K4VPSY,RETC3JA8C9U,23346,1,like_new,True,True
RIOAJGQQQ1,RETASU7ASC6,19682,1,like_new,True,True
RI4BMR5BWC,RETASU7ASC6,19681,1,like_new,True,True
RI8HZMH3PE,RETKB92UFAW,13656,1,like_new,True,True
RI585BVGVR,RET2N5HLDDR,23452,1,like_new,True,True
RIFIGGUBYD,RETH7TGMTSD,7678,1,like_new,True,True
RIZE09YZE7,RETH7TGMTSD,7677,1,like_new,True,True
RI9O5UFJ9O,RETPEI69OI6,24019,1,like_new,True,False
RIVDNX805I,RETNX2DC9WD,22932,1,worn,True,True
RIC148HN2T,RETJOJPD9CS,28250,1,like_new,True,True
RI6SBMA3HP,RETMILVY1OE,4040,1,like_new,False,True
RIU0KW5X89,RETMILVY1OE,4039,1,like_new,True,True
RIIB21KFYA,RETNFSVA9VR,6637,1,like_new,True,True
RICDGH5R9K,RET0SMCTXVI,22271,1,damaged,True,True
RIHBK5LQFO,RETOPPEA48C,28551,1,like_new,True,True
RI8HC1YF23,RETOPPEA48C,28550,1,damaged,True,True
RIYY3AAOYU,RETKVRGI0M6,2523,1,like_new,True,True
RI8KYUS6FF,RETKVRGI0M6,2524,1,like_new,False,True
RIW412AOXG,RET8DO2FJ2M,14687,1,like_new,True,True
RIYCE9EC0P,RET8DO2FJ2M,14686,1,like_new,True,True
RIFIE5UCYM,RET5LYCKRRB,3465,1,worn,True,True
RIFPZXASNS,RET5LYCKRRB,3464,1,like_new,True,False
RILEK1CX4B,RETG0A49RN6,5033,1,damaged,True,True
RIML8N5XII,RETGAQFP82F,7655,1,like_new,True,True
RIX5ORZHR1,RETFZ2O1NX5,28788,1,like_new,True,False
RIZ6RY6DY3,RETFZ2O1NX5,28789,1,like_new,True,True
RINO8ETGLE,RETW7D6RRNM,8445,1,like_new,True,True
RIFQACY2OM,RETDE58UO55,29484,1,like_new,True,False
RINVA5JGBF,RETAV5ZL2N4,19511,1,like_new,True,True
RI3KZ4NGU3,RETAV5ZL2N4,19510,1,damaged,True,False
RIITCL5OUJ,RETPZ2T5AW2,8165,1,like_new,True,True
RI1YV4D20Z,RETEPY5GH5O,7061,1,like_new,True,True
RI0ICHEZ5V,RETEPY5GH5O,7062,1,damaged,False,True
RIK8TU7BDY,RETP2EXEGVY,26413,1,like_new,True,True
RIEJN8T2OZ,RETVLVJ3WMO,8429,1,like_new,True,True
RIXFQ7GBGP,RETUUJG1CQX,8898,1,like_new,True,True
RIWU5FXSX8,RETEPBD9CBF,12930,1,like_new,True,True
RI06NZG5J4,RETEPBD9CBF,12929,1,like_new,True,True
RIZSC78YMP,RETY33QXO5J,21783,1,like_new,True,True
RI9PD1F7OZ,RETY33QXO5J,21780,1,like_new,True,True
RIRCWWIIKQ,RET9BEUWDM0,31223,1,like_new,True,True
RIGSQ2ZJH5,RETXLPL08GX,15668,1,worn,True,True
RIN0Y8R3EQ,RETCMAPX44A,25011,1,like_new,True,True
RIS69OB1WZ,RETUWAP7R10,17570,1,like_new,True,True
RI0WX6LO50,RETFG7EX4WR,10971,1,like_new,True,True
RIHFY3SXT3,RETFG7EX4WR,10972,1,like_new,True,True
RIU4YBOC5V,RET239QX35A,4211,1,worn,True,True
RI90GQIG06,RET8R6BD2CH,11531,1,damaged,True,True
RI26QAVKUZ,RETF84QGGLG,19135,1,worn,True,True
RI9YSXFDHP,RETD2YCX8F1,21828,1,like_new,True,True
RIWCUUOPTG,RETD2YCX8F1,21829,1,like_new,True,True
RI8R1CCDA2,RETNC0AJCB4,25733,1,like_new,True,True
RI3OD8DW49,RET4AM45MRK,2436,1,like_new,True,True
RI3K47CXJH,RETPG0K5W5S,7116,1,worn,True,True
RI2UBYW0YI,RETPG0K5W5S,7118,1,like_new,True,False
RI9OANI86P,RETHQ45BDJG,14490,1,like_new,False,True
RID5XNZYHW,RETCC8CMZNC,19667,1,like_new,True,True
RIFYYRXXF1,RETZGQ1ENNF,13413,1,like_new,True,True
RI5FRJP3QI,RETRO8VX7PT,22174,1,like_new,True,True
RI0LHO2VQP,RETPO2KVC5O,29989,1,like_new,False,True
RIBK8G6042,RETUKKIB1SV,1815,1,damaged,True,True
RIHKTQRN60,RETWQZ8GCGX,27836,1,worn,True,True
RIYCQG439R,RETLR7GY42Z,15598,1,damaged,True,True
RIH75P1MA6,RETZ3603Y3G,5614,1,damaged,True,True
RIG3GOK1O7,RETOI944R69,14840,1,damaged,True,True
RIBED0VQE2,RETOI944R69,14839,1,damaged,True,True
RI8H408IFE,RETMWWXR7X2,29520,1,damaged,True,True
RI280QAU5Y,RETMWWXR7X2,29519,1,like_new,False,True
RIH7MRP6J8,RETBXV34DLV,28475,1,like_new,False,True
RINEFFHVNX,RETL3OIXRBU,15717,1,like_new,True,True
RI7306RVEZ,RETC264KO1F,12833,1,like_new,True,True
RINHALQV48,RETC264KO1F,12834,1,like_new,True,True
RIAC0YN9EY,RET8JEK2T7C,24890,1,like_new,True,True
RIES5NXGHS,RET8JEK2T7C,24891,1,like_new,True,True
RIRDK8D2V9,RETQQVHX1US,4936,1,like_new,True,True
RI719JUN2Y,RETXIOJON08,18649,1,like_new,True,True
RI74NKLGAH,RET0PXILBSO,26417,1,like_new,True,True
RIXAGZTYP5,RETT8K9HR21,29707,1,damaged,True,True
RIFCU8CHQA,RET559KCQAV,28096,1,worn,True,True
RIQDRA8Y7I,RET559KCQAV,28098,1,like_new,True,False
RIQAFOXF9Y,RETHW49AIW4,27413,1,like_new,True,True
RITNQZKY7S,RETFE0N1EZC,9935,1,like_new,True,True
RI578HZ8WV,RETFE0N1EZC,9932,1,like_new,True,True
RIEUZBVLHH,RET60578JZ9,15577,2,worn,True,True
RI5NN7PS2N,RETNMSAGHSQ,14627,1,like_new,True,True
RI9NX9NQ8I,RETBGNYX440,12486,1,worn,True,True
RI80J0U2YU,RETI4SE8ZU9,20594,1,like_new,False,True
RI1DI137CE,RETA2ERVGHH,24146,1,like_new,True,True
RIETW8OKHO,RETA2ERVGHH,24148,1,worn,True,True
RITQUW8OLS,RETK4ZA9IMZ,11203,1,like_new,True,True
RIA36AAPPI,RET9GOMGGFV,14947,1,like_new,True,False
RI357TU4VW,RETTBWIYTMX,3659,1,damaged,True,True
RILC6QZ8YF,RET1AKMNG5B,18978,1,like_new,True,True
RILFD94X6O,RET1AKMNG5B,18977,2,damaged,True,True
RIUHZRT4DZ,RETL5PC9GS0,20883,1,like_new,True,True
RIVNUL1JC8,RETL1PB7XYQ,29282,1,damaged,True,True
RIEXAMS4O5,RETL1PB7XYQ,29285,1,damaged,True,True
RIYY8Z7DS4,RET4FT16PTB,8871,1,worn,True,True
RINL1J2NST,RET4FT16PTB,8872,1,like_new,True,False
RINTM3Y94S,RET6YUED32L,16157,1,like_new,True,True
RIEE63RHJD,RETYQJBF4VX,4832,1,damaged,True,True
RII886JSXR,RETEIEFLAGJ,586,1,like_new,True,True
RI2F5FJYVW,RETEIEFLAGJ,585,1,like_new,True,True
RIQ9HITGEU,RETBDO1P633,2000,1,like_new,True,True
RIJBUJT9Z3,RETBDO1P633,1998,1,worn,True,True
RI5OORNKLE,RETCR505ZU1,19153,1,like_new,True,False
RIATT9BUNI,RETWRHM2HOP,12355,1,worn,True,True
RIHWQLB645,RETPKZL9UXH,21049,1,like_new,True,True
RI9T2EMJIP,RETPKZL9UXH,21050,1,like_new,True,True
RI7TMPVVC5,RETOJA83V5U,27902,1,like_new,True,True
RILA1NUYHG,RETT5PM72WI,24717,1,damaged,True,True
RIRY6S2BZY,RETKNOH81G0,763,1,worn,True,True
RI498BVBXP,RETC9FCXSFP,8531,1,like_new,True,True
RI6V3M89EW,RETZ9RPKDHD,2060,1,like_new,True,True
RIKJGOZGFL,RET8S263C46,23825,1,like_new,True,True
RI5MFH1KU9,RET8S263C46,23822,1,like_new,True,True
RIURHVMZN2,RETE5KD8811,2802,1,like_new,True,True
RIQY2TXIF3,RETVLGWL2SV,7260,1,like_new,True,True
RIAIFJ8XJ8,RETXIPSBUPX,2581,1,damaged,True,True
RI6WZ371Y0,RET9GB80RI9,9226,1,like_new,True,False
RIVUXS9VJ3,RET9GB80RI9,9227,1,like_new,True,True
RIKZDLRUJX,RETHQPBHZKF,22552,1,like_new,True,False
RI9V94D01H,RET0TQUP5EY,8688,1,like_new,True,True
RIP47JU7DX,RETYQHMCY41,14108,1,like_new,True,False
RIYZ0V8I53,RETCAGFZUXN,1204,1,like_new,True,False
RI3E7BSZUJ,RET6PPEXS6V,17974,1,like_new,True,True
RI4GJBVQY3,RETV4AY0D6R,25886,1,like_new,True,True
RI9KW24UG6,RETWLHIZQSX,29412,1,damaged,False,False
RISQ6H562G,RETZMY84YGS,20112,1,damaged,True,True
RIPWIWWEB5,RET6YHHM2JO,26786,1,like_new,True,True
RIGZMCYLRA,RET6YHHM2JO,26788,1,like_new,True,False
RIZBYBA508,RET9L6TIPG1,13323,1,like_new,True,False
RIFJ9J9KG8,RETLNWKB23C,214,1,like_new,True,True
RIFS3BNVE4,RETLI74MEC4,23489,1,damaged,True,True
RIZKL3TGMK,RETKDFHCA5S,10336,1,like_new,True,True
RI0MN9AJB5,RET37OOMCTA,5341,1,like_new,True,True
RITLNH2SW1,RET37OOMCTA,5340,1,like_new,True,False
RIU61AN5AQ,RETZ6U4CS6U,16821,1,like_new,True,True
RIQPGL600Y,RETAFI9II5Z,10446,1,damaged,True,True
RIJAQXDSC9,RETZA920Y1S,27363,1,like_new,True,True
RIS1BCTXZD,RETFA6R774J,13057,1,worn,True,True
RIH8J3VJL6,RETFQZKU88B,21496,1,like_new,True,True
RIVOUAVW23,RETL1JBHINA,19843,1,damaged,True,True
RIW1V02PHZ,RETL1JBHINA,19840,1,like_new,True,True
RIGAIKXX7Y,RETYVF0DX9A,4116,1,damaged,True,True
RI2IHD85KP,RETYVF0DX9A,4115,1,like_new,True,True
RIOEEGSHF0,RETLN68NS4A,15960,1,like_new,False,False
RIQMSIMNAO,RETLN68NS4A,15959,1,damaged,True,True
RIFXMSUQ9H,RETC7XEVJ4B,29425,1,like_new,True,True
RIP2FCN8I0,RETC7XEVJ4B,29424,1,like_new,True,True
RI9MUF9WL5,RETUVAYDW0Y,18219,1,like_new,True,True
RI1ZAQ4KOX,RET13S5AYPA,23326,1,like_new,True,False
RIP7CTAWJN,RET13S5AYPA,23325,1,like_new,True,True
RIYOPKKE4H,RETZ37DGJSH,18415,1,like_new,True,False
RIZQJV1QJR,RETAGOQ8U3K,30499,1,like_new,True,False
RIKYS1ZN5C,RETBU79ETV4,4858,1,like_new,True,True
RIDCF5ZB92,RETUAW1SIAE,2080,1,like_new,True,True
RIZ4YLS992,RETO3D0DIZ2,25565,1,damaged,False,True
RISUUD1I65,RET0H170KBS,3857,1,like_new,True,True
RIG7J1LNMT,RET0H170KBS,3855,1,like_new,True,True
RIAPCN6VE4,RETF70KZM7P,14905,1,like_new,True,True
RIWPFARD6J,RETLTU4XT2F,18573,1,like_new,True,True
RIOHPP3D09,RETLTU4XT2F,18572,1,damaged,True,False
RIQ04OS7EV,RETNB5VONUQ,24332,1,like_new,True,False
RI9N2JD7IV,RETNB5VONUQ,24333,1,damaged,True,True
RIVNXXV1B5,RETD4JN4C14,4888,1,damaged,True,True
RIS0UPY8EZ,RETD4JN4C14,4887,1,damaged,True,False
RIYJANCY5C,RETMCXABFAQ,12813,1,damaged,True,True
RI88FWGCY4,RETQEJRCP5D,5844,1,like_new,True,True
RINUQ1ZCSM,RETQEJRCP5D,5845,1,damaged,False,True
RIAX6PSVND,RETICUW79WH,4279,1,damaged,True,False
RIXYHTLDCO,RET1UL01D0N,10183,1,like_new,False,True
RIAB3FSR5T,RETVQ9LMC6X,31492,1,like_new,True,True
RIPU5VH0GD,RETVQ9LMC6X,31493,1,like_new,False,True
RIUUN1C3ML,RETIM7Q7QF5,9140,1,like_new,True,True
RIRFYAAAYB,RET3URXQWVW,2406,1,like_new,True,False
RIF5JEKF8U,RET3URXQWVW,2407,1,worn,True,True
RICR67ZKHG,RET7SJ8QAS2,11187,1,damaged,True,False
RIZP0MKYJ3,RETGZAMFNJ1,18563,1,like_new,True,True
RITIH6FBRI,RETM8CXAJR1,16336,1,like_new,True,True
RIYGMGNCCI,RET79D1MQJM,14106,1,like_new,True,True
RIV73YIG1G,RETO49TGSYT,28821,1,like_new,True,True
RIPN6QZ2LA,RETVFI6XS0Z,26619,1,damaged,True,True
RIOP79X863,RETVFI6XS0Z,26621,1,damaged,True,True
RIWZ16GD1T,RETKXWKZ3DM,17500,1,like_new,True,True
RIE1S8UWZV,RETEAF19C3O,19763,1,damaged,True,True
RIOE647I63,RETR9SKBYO9,13311,1,like_new,False,True
RIB4LIN8KW,RET4UREAE39,20432,1,like_new,True,True
RILUB2FSP3,RET4UREAE39,20433,1,like_new,True,True
RI8T4BNAB4,RETBIFQO3NC,16752,1,like_new,True,True
RIYLP05JN1,RETBIFQO3NC,16750,1,like_new,True,True
RI6ALJ8XX9,RETP2XMRNDE,3888,1,like_new,True,True
RIJ5YAW0Y7,RETP2XMRNDE,3887,1,like_new,True,True
RI2D333YBJ,RET02K15KJJ,28103,1,like_new,True,False
RIY5O7TFQL,RETDAL46ZB5,26361,1,damaged,True,True
RI9KIGT6SS,RETDAL46ZB5,26360,1,like_new,True,True
RIU1UM03LZ,RETYVDEF938,4535,1,worn,True,False
RIFIT6HESF,RETYVDEF938,4537,1,damaged,True,True
RI2AYSU8HZ,RET1LOARK90,29437,1,damaged,True,True
RIM66F5XRE,RET4NH6WQG2,12593,1,like_new,True,True
RI8PZ06WWZ,RETKOGP4WQA,3449,1,like_new,True,True
RIEXJC9LVE,RETKOGP4WQA,3446,1,like_new,True,True
RIBXLD81EB,RETRH5CUBTO,22734,1,damaged,True,False
RISFFYA85K,RET8VD9FRJY,710,1,damaged,True,True
RIEQWEM1FI,RETRD7CWEB7,2820,1,like_new,True,False
RI4OTGBLWL,RETZ68FASUV,11239,1,like_new,True,True
RI625O4CT0,RETZ68FASUV,11241,1,like_new,True,True
RIZG9A9T5X,RETWHLT5TRF,19108,1,damaged,True,True
RILB5O42W7,RETRW0M07M1,26443,1,like_new,True,False
RIZKR2SYDI,RETRW0M07M1,26442,1,like_new,True,True
RIQM58USSB,RETBEXSR8YS,8309,1,like_new,True,False
RIWQJ1Y005,RETVCURCRPM,22654,1,like_new,True,True
RIVAGW1BPM,RETY075J3BX,20743,1,like_new,True,True
RIZ8MYSULV,RETW3ZJ9MBT,1240,1,damaged,True,True
RIOIFH69PJ,RETU0STWUK4,18381,1,like_new,True,True
RI8A3P0CZD,RETFDKENUKT,25043,1,damaged,True,True
RITCS881N4,RETQJEX8N0W,13462,1,damaged,True,False
RIRKC0WNO8,RETQJEX8N0W,13461,1,worn,True,True
RI9QJVEUV7,RET4GVCGGN4,8711,1,like_new,True,False
RIVO2H2YGG,RET1DHWLOXH,2741,1,worn,True,True
RIXM0LMK78,RET1DHWLOXH,2739,1,damaged,True,True
RIWXGJ4KYK,RETJAIZEDIH,18499,1,damaged,True,True
RIH8REKDHX,RETJAIZEDIH,18500,1,like_new,True,True
RIFSB7HXVG,RETMZZSRBWT,10617,1,like_new,True,True
RIKI2P8K6Q,RETCNQEYECN,31007,1,like_new,True,True
RI7ZRR0LZ0,RETRGS2LYO6,31249,1,like_new,True,True
RI8R4BDP4U,RETBKUY83RK,25461,1,damaged,True,True
RIGJ82IXAA,RETBKUY83RK,25462,1,like_new,True,True
RIYL4OVD4H,RETMWKXZ0ZW,1500,1,like_new,True,False
RIVF3BUN1C,RETZ6HG50JP,29450,1,like_new,True,False
RI6VHI8LL7,RETZ6HG50JP,29449,1,like_new,True,True
RIJJGD6O61,RETU7GR7CFX,26777,1,like_new,True,False
RICZULHZYZ,RETU7GR7CFX,26776,1,like_new,True,True
RI00TDEK7Z,RET8RS4FZ8Q,22380,1,like_new,True,True
RIGUXT8QGN,RET8RS4FZ8Q,22381,1,damaged,True,False
RIHKPIB7UX,RETJPP8SSJ6,29826,1,like_new,True,True
RITYQYZIW3,RETY7C2KCWE,31156,1,like_new,False,True
RIR1QES46T,RETWGZFQOJT,14234,1,like_new,True,True
RIVQVZM513,RETTTGQUBMN,20599,1,like_new,True,True
RI4ZEDYIZ6,RETQH93ODP3,11895,1,like_new,True,True
RIK90S4D8Z,RETZ3O94LWE,8708,2,like_new,True,True
RIUZDMRT1H,RETZ3O94LWE,8709,1,like_new,False,True
RIJSSIT7LZ,RETILLIQ2MW,13787,1,like_new,True,True
RI0HTDTQCZ,RET7S7HYVF5,85,1,like_new,True,True
RI3R6HMNDA,RETUERU0O28,13551,1,like_new,True,True
RIP1WQHPR5,RETUERU0O28,13550,1,like_new,True,True
RIHCU2V08R,RETL4W0WKMV,13501,1,like_new,True,True
RIC8XPVGP9,RETXBCUAU2G,7742,1,damaged,True,True
RITV2BLVDF,RETXBCUAU2G,7743,1,damaged,True,True
RIDEQNP0KM,RETAKDUG0J8,24798,1,like_new,True,True
RIB9JN13RZ,RET4COLN0V7,1297,1,like_new,True,True
RICPWD8C5O,RET9ORL76XX,23541,1,like_new,True,True
RICJTCMG0O,RETVKWEGFHZ,22476,1,like_new,True,True
RIIEHD516D,RETVKWEGFHZ,22474,1,like_new,True,False
RIBBO1MBXT,RETWTQXSFAU,4977,1,like_new,False,True
RIFY29T4G7,RET5PGJ8N5P,2207,1,like_new,True,False
RI57AET3PF,RET16NUSK75,30294,1,damaged,True,False
RI65ASVAC5,RET0B756V43,31056,1,like_new,True,True
RILVJLSV6O,RETD39IWPZ5,5137,1,like_new,False,True
RIRIC5PVA5,RET6R0SX407,21586,1,like_new,True,True
RIMIUJAI7N,RET2DWP6XOK,6503,1,damaged,False,True
RINAX8NS01,RET7TL3GYSJ,5886,1,like_new,True,True
RIXVMTF799,RET7TL3GYSJ,5885,1,like_new,True,True
RIWSSMYYG0,RETO5LSFP1F,14522,1,like_new,True,True
RIFB68UMNW,RETO5LSFP1F,14520,1,like_new,True,True
RIGF91JN2X,RETZTGQIWYB,24546,1,like_new,True,True
RIVWD8UFWR,RET5ZA1C5EZ,31250,1,worn,True,True
RI9OQ14Q7Y,RET5ZA1C5EZ,31252,1,damaged,True,True
RIPTXNIPX8,RETY48L0CV3,982,1,worn,True,True
RIOQ7BQBRO,RETDMUI9S32,19903,1,damaged,True,True
RID4HCUARN,RET7EC4OW22,17339,1,like_new,True,False
RIDAMHFS8T,RET31U5F1M1,1115,1,like_new,True,True
RIDAEYGWHT,RET31U5F1M1,1117,1,like_new,True,True
RIMBDGBWAG,RETJHSWIS5Y,16829,1,damaged,True,True
RI2UVW0SCY,RETJHSWIS5Y,16830,1,like_new,True,False
RIS3EYO9AO,RETNOJ87HX7,2649,1,like_new,True,True
RIDFU2YXCC,RETCZSVDCW7,17226,1,worn,True,True
RISUUYPDTH,RETZ77E16BZ,8874,1,damaged,True,True
RI3SBNWS2M,RETZ77E16BZ,8873,1,damaged,True,True
RIIG5AT1ED,RETQAONK5E7,10946,1,like_new,False,True
RIOBP4RLHV,RETKY6PNVFA,22705,1,like_new,True,True
RI160TESAR,RETKY6PNVFA,22707,1,worn,False,True
RISTQM4PUI,RET5SUZ2PDJ,31470,1,like_new,True,True
RISZXEHM3D,RETBZP8KTT2,23316,1,like_new,True,False
RIUZ95TT0Z,RETBZP8KTT2,23318,1,like_new,True,True
RIDGXGRR1J,RETQQKFKZE9,7224,1,like_new,True,True
RIYY24MLD7,RETQQKFKZE9,7223,1,like_new,True,True
RIYMHBR1ZC,RETMG1T3VTP,3141,1,like_new,True,True
RI2CW9BZNB,RETMG1T3VTP,3140,2,like_new,True,True
RIE78PTE54,RETECKMRL48,23141,1,like_new,True,True
RI1TXJVEIH,RETECKMRL48,23140,1,like_new,True,True
RI2Y4L8GY6,RETK3MDAE55,1229,1,like_new,True,False
RI91CYMPMR,RETECK18H98,23673,1,like_new,True,True
RI6HS9PXRM,RET19UXQBUB,9689,1,damaged,True,False
RIDSBVWMS7,RETZX2YRO7Z,4232,1,like_new,True,False
RIGV4ERHC7,RETMS2YOY5O,14518,1,worn,False,True
RIHXU8VOP0,RETMS2YOY5O,14517,1,like_new,True,True
RI2FEGOR98,RETOVOJERR8,22042,1,like_new,True,True
RI4OG01TXU,RETOVOJERR8,22043,1,like_new,True,True
RI41SZVPXA,RET6AJT9CQN,10302,1,like_new,True,True
RIP68SUYBN,RET0CP69ZAB,10659,1,like_new,True,True
RIJQTU1UHJ,RET0CP69ZAB,10660,1,like_new,True,True
RICS4WB1YO,RETLVO27TTK,9024,1,worn,True,True
RIKZ7EDM1K,RETLVO27TTK,9025,1,damaged,True,False
RIP9TPJQRL,RETETV6FKKD,26845,1,like_new,True,True
RI8RC0X082,RETETV6FKKD,26846,1,damaged,True,True
RIWRGINRNV,RETZXASDBXV,14615,1,damaged,True,True
RIL2QN69EU,RET6BTDUWJ9,11797,1,like_new,True,True
RI6V8CJIHN,RETOOQHQEY4,3134,1,like_new,True,True
RI7QYJ98U3,RET6NX8TL2X,13759,1,like_new,True,False
RIRAFYRARM,RET6NX8TL2X,13758,1,damaged,True,True
RIV2MVLELX,RETZZKKWKVL,27594,1,like_new,True,True
RIAR436VMA,RETZZKKWKVL,27595,1,damaged,True,True
RIV4IXM1Y9,RETVYO8B722,12916,1,damaged,True,True
RIS6P28CAC,RETVYO8B722,12917,1,like_new,True,True
RI5VYEQMQF,RET31NRY0RZ,29553,1,like_new,False,False
RITK0HE82X,RET31NRY0RZ,29554,1,like_new,True,True
RIZV6I3LV9,RETO1HZXG8A,3394,1,like_new,True,False
RIX4GQ7DXG,RETVTPYZDZJ,2077,1,worn,False,True
RISKJL4DMV,RET42TUXD0Y,11786,1,like_new,True,True
RIZ3OOEPMG,RETOFLYGKP0,16683,1,like_new,True,True
RI8OBGA4SQ,RET26VRL8NP,25199,1,like_new,True,True
RIE1ERX03P,RETOJKY4YGZ,21224,1,damaged,False,True
RI6Z4YWBP7,RETMSSR3XFU,16020,1,damaged,True,True
RIBKW4GAV7,RETMSSR3XFU,16019,1,damaged,False,True
RI4KVZLALR,RETP3AXQFWZ,23704,1,like_new,True,True
RIZ5OALLCX,RETB9GSXMSJ,18666,1,damaged,True,False
RIWP97W5EM,RET9293PGM8,19932,1,like_new,True,True
RI4MW26NKZ,RET76TCDEVD,22945,1,like_new,False,True
RIE0JD1BEK,RET76TCDEVD,22946,1,like_new,True,False
RISVMT940I,RETC5N3WL2N,306,1,like_new,True,True
RI49WHKV7P,RETK26STZF9,21096,1,like_new,True,False
RIA6Y11DLJ,RET7UV1BXP8,10081,1,like_new,True,True
RIPCF3FUY0,RET7UV1BXP8,10083,1,like_new,True,True
RIVN3ZBI7S,RETTA8DS2UB,15060,1,like_new,True,True
RI8LBIVIWW,RET02YH1H4G,9710,1,like_new,True,True
RIP2VB5TT4,RET02YH1H4G,9711,1,like_new,True,True
RIK0A7CJMG,RET52PYAMMD,17948,1,damaged,True,True
RIC3OGF9FT,RET8AP02AL3,19075,1,like_new,False,True
RIKLM3O8WJ,RET7MW0M0YV,23557,1,like_new,False,True
RI27FVER3R,RET4443OLNY,6377,1,like_new,True,True
RIGUBN4Y82,RETQFQWAKLD,13677,1,damaged,False,True
RIAM0GHOY5,RETSTQ6XL6E,3732,1,like_new,True,True
RIL8O28X3U,RETIB19SXIW,30722,1,like_new,True,True
RINDMPDVO9,RETUR312OXA,11137,1,like_new,False,True
RIKXNGS51C,RETTVRGRHWF,15615,1,damaged,True,True
RIGBMD63W0,RETZQVHT0EF,20369,1,like_new,True,True
RIWYIG7MKJ,RETZQVHT0EF,20370,1,like_new,True,True
RI7TQRWBZF,RETE7YHFBID,19068,1,like_new,True,False
RIKB9B2Z5Z,RETE7YHFBID,19071,1,like_new,True,True
RICAGKR56V,RETAD2FGUX3,26542,1,like_new,True,True
RIAPP897E0,RET8RLYENM5,8870,1,worn,True,True
RIOCUCN1TZ,RET25AMUARD,22711,1,like_new,False,True
RI217OTQO7,RETSC2G5WVZ,19242,1,like_new,True,True
RIOQ5KDQYL,RETSC2G5WVZ,19243,1,damaged,True,False
RI8I621AT7,RETQC274BVM,6477,1,worn,True,True
RISF5V70HV,RET9XZQMWJ3,14417,1,worn,True,True
RIRAE9JAYI,RETSGVUP4E6,28582,1,like_new,True,True
RIDMZ8GURR,RETBQQRIBDX,10087,1,like_new,True,True
RIP7I4YHZV,RETNST4JK1S,19787,1,worn,True,False
RIXC2ODLB8,RETNST4JK1S,19786,1,like_new,True,True
RIY0G5DOLC,RETVAJE3GRG,1467,1,like_new,True,True
RIZTTMHF49,RETVAJE3GRG,1469,1,worn,True,True
RIMH7PM9ZX,RETBNFC9Z6E,10963,1,like_new,True,True
RIUGK30L4K,RETBNFC9Z6E,10964,1,like_new,False,True
RIPJRPGXWG,RETGVPX4L6R,30354,1,like_new,True,False
RILUFJUOC0,RETGVPX4L6R,30355,1,like_new,True,True
RIGCMQ75DO,RETMZL1DASH,24530,1,like_new,False,False
RI79KM99QR,RETY2MWAZ1L,22433,1,worn,True,True
RIR64H6GHW,RETOFLMDBIM,26268,1,like_new,True,True
RIG2H51RPA,RETZRTAX5RN,20069,1,like_new,True,True
RIEY7KYNBW,RET0PYAZWAV,3710,1,like_new,True,True
RIBNRDIDDP,RETCOZR3TRX,12538,1,like_new,True,True
RI2ZORF1FF,RETCOZR3TRX,12537,1,like_new,False,False
RIHQXQT1GJ,RETCTEQAJBE,26152,1,like_new,True,True
RITUQ0K9RN,RETCTEQAJBE,26151,1,like_new,True,True
RISGHQWTXS,RETSQVF8IPX,4437,1,damaged,True,True
RI7REUHF4S,RETNYRB5N3S,805,1,like_new,False,False
RIIFYAZQJC,RETIJ79X6Y1,25836,1,like_new,True,True
RI1ZISXT2E,RETN7XS6YDW,517,1,like_new,True,False
RICN37X3L0,RETN7XS6YDW,518,1,like_new,False,True
RIKLOJANHC,RETZ95TNJJU,12877,1,damaged,True,False
RI1HVW5GX7,RETZ95TNJJU,12879,1,like_new,True,False
RIAXQ0EFQL,RETIDTJB02M,3418,1,like_new,True,True
RI15AM31W2,RETQAOGYQ1R,29337,1,like_new,True,True
RISWNN54U5,RETBZXSTVYB,12063,1,like_new,True,False
RI0QKLF7TH,RETVUDQ9XC6,19440,1,like_new,False,True
RIL1AQKI2S,RETAPYPKP4W,31506,1,like_new,True,True
RI5OIB12OE,RETZN2X7U2Z,19851,1,like_new,True,True
RI9V7U6QJ7,RETZN2X7U2Z,19854,1,worn,True,False
RIRDKQNT1A,RETVQHK7XJ9,29082,1,like_new,True,True
RI2GXZ40V2,RET2L8PH1XB,19050,1,damaged,True,True
RIVHMFYV5C,RETKKXA7XXX,15205,1,like_new,True,True
RI0DGDH2XV,RETNQ4Y6AYW,14918,1,like_new,True,True
RILR5MP8G5,RETNQ4Y6AYW,14917,2,like_new,True,False
RI9GJ4RW83,RET5N3D1S31,2196,1,like_new,True,False
RIFYN3RDRC,RETHMDFZU5S,28498,1,like_new,True,False
RILC92H719,RETB3UT8CZK,25588,1,like_new,True,True
RIH0476T97,RETB3UT8CZK,25586,1,damaged,True,True
RI1END8I1N,RET9C8ZON7O,17195,1,like_new,True,True
RIPFFDBMQ4,RET9JKD2XBW,20775,1,like_new,True,True
RIS6RSXOU6,RET9JKD2XBW,20773,1,like_new,False,True
RI54HINPDG,RETUJ6NFW4Y,890,1,damaged,True,True
RI2O0GHPCO,RETUJ6NFW4Y,887,2,like_new,False,True
RIHN8OEEIU,RETO5GYDDUF,12502,1,like_new,True,True
RI2L0O2693,RETO5GYDDUF,12500,1,worn,False,True
RIWU85YAY5,RET03K6KO3B,3725,1,like_new,True,True
RIBB6H7M4W,RETIJFMAENL,3190,1,like_new,True,False
RIY009OIFD,RETIJFMAENL,3191,1,like_new,True,True
RIXIFVSU8R,RETV9TEOGLQ,27231,2,like_new,True,True
RITBBD46FN,RETV9TEOGLQ,27233,1,like_new,True,False
RILULI3G92,RET2A3PHDR8,13901,1,like_new,False,True
RIWTVLYEXX,RETFIOI7X4W,6032,1,like_new,True,False
RIZC3UPV5P,RETMCHRLTP6,15562,2,like_new,False,True
RICEN4EBAJ,RETMCHRLTP6,15564,1,damaged,True,True
RI7VBPOK3Q,RETYYTGLEJ8,14465,1,like_new,True,False
RI5JQA2NPP,RETO6OD2TQR,24918,1,damaged,True,True
RIINRNISAR,RETO6OD2TQR,24919,1,like_new,True,True
RIFAK2DTTZ,RETQXTTM0RT,28422,1,like_new,True,False
RI6BMPU87H,RETQXTTM0RT,28424,1,like_new,True,True
RIY7R5KL1T,RETR6CVQQLX,20421,1,like_new,True,True
RIODLHPNFT,RET2VQ9HHBE,23328,1,damaged,True,True
RIUFRTAGPT,RET2VQ9HHBE,23329,1,like_new,True,True
RIPM4B0TJJ,RET3154ZCQX,12922,1,damaged,True,True
RILDXL3B3Z,RETU3N9V4XM,15927,1,like_new,True,True
RIW2FFYA9Y,RETEC5Z2UMZ,25567,1,like_new,True,True
RIEKT84YEC,RET4EMZ2Q3C,7772,1,worn,True,True
RI0YUVT6PN,RETGXJNIL9G,30064,1,like_new,True,True
RITNHNSX93,RETGXJNIL9G,30066,1,like_new,True,True
RI7JQ9X8PU,RETECCUK6BE,24257,1,damaged,True,True
RI67E64TSK,RET7E972M9R,12294,2,like_new,True,False
RIXVUA4DVB,RETV4JX389O,7446,1,damaged,True,True
RI0T9JDCLP,RETKLTZLQ7W,12448,1,like_new,True,True
RIVN1ZODZE,RET80H3ZWIT,15642,1,like_new,True,True
RI2I6G975Q,RETR9GONPZI,27566,1,like_new,True,True
RIXR2QLU23,RETF9PUA0BH,18802,1,like_new,True,True
RI2380WOC1,RETU2H7MN06,3940,1,damaged,True,True
RI0FID8V98,RETU2H7MN06,3942,1,like_new,True,False
RIA17AUGNZ,RETF4ARDJWX,27421,1,like_new,True,True
RIM4WKO6AU,RETV32UV47A,27714,1,damaged,True,True
RIUNW97SPH,RETN4L1O747,24029,2,damaged,True,True
RII88GM091,RETWAWBHXPY,2464,1,like_new,True,True
RIXTIZC3BN,RETZQOYOHWP,3089,1,like_new,True,True
RI9N68VEE8,RETZQOYOHWP,3091,1,like_new,True,True
RI5Y1P39I0,RET1BC6EXO7,17008,1,damaged,True,False
RIOFIVXOOB,RET1BC6EXO7,17009,1,like_new,True,True
RICW6UT547,RETDLMFLG9F,2999,1,like_new,True,False
RIWEWLJZUS,RETB2RD6SI4,15489,1,like_new,True,False
RICF4DD9TH,RETSHLTRVM6,22948,1,like_new,True,True
RIJV8DOCB2,RETSHLTRVM6,22947,1,like_new,True,True
RIIVM4A90X,RETQB75JY6M,21524,1,like_new,True,True
RIWX5NNOGT,RETQB75JY6M,21525,1,like_new,False,True
RIZW0IHUM4,RET479NL92P,17012,1,damaged,True,True
RIS55L8YJL,RET479NL92P,17011,1,damaged,False,True
RINT1KTZQC,RETAU3CCAF2,12036,1,damaged,True,False
RIY0HZFDSR,RETIF39VJ0B,18937,1,worn,True,True
RI9BAAZJZ1,RETBQD1FBR4,2238,1,like_new,False,False
RIKG1GPC2V,RET3SCT9ZVB,18342,1,worn,True,True
RIVDYBSCKX,RETIRLQ5FBR,28682,2,like_new,True,True
RI9TAJZG3K,RET6QVV3H53,16494,1,like_new,True,True
RI2BZQJM2S,RETNXXNFK1B,5768,1,like_new,True,True
RI20YRY4OV,RET07O7FP85,7135,1,like_new,True,True
RI2R5ATOBJ,RETD5V0TJK7,19737,1,like_new,True,True
RI1PT1GEUQ,RET3LVOVM17,30298,1,like_new,True,False
RICYLO4B0N,RET3LVOVM17,30297,1,worn,True,True
RIDAV61D7W,RETOMG3EOLK,2214,1,worn,True,True
RIPHPPRTXH,RETOMG3EOLK,2215,1,damaged,True,True
RIQ4SC4MFK,RETOJGWA71D,7985,1,like_new,True,True
RI5KIL83MB,RETOJGWA71D,7988,2,damaged,False,True
RIBVH6CZ4B,RET7WC878F2,30925,1,like_new,True,True
RIH3XRBG71,RET0MBDVL55,28560,1,worn,True,False
RICLNS3ZR7,RETD4WJ98YM,148,1,damaged,True,True
RIEZZ2516Q,RETYHKHU6VZ,5653,1,like_new,True,True
RIJKCUZ1IL,RETT49HAIYL,29095,1,like_new,True,True
RIA2JHOPVD,RETUHS0V689,31387,1,like_new,True,True
RIWTQ6VWUH,RETUHS0V689,31388,1,worn,True,True
RIMXZKM2QE,RET9WDBWNTC,15830,1,like_new,True,True
RIHEVHIF9U,RET9WDBWNTC,15829,1,damaged,True,True
RIYMI6O8E8,RETANBB4VBW,28307,1,like_new,True,True
RI341XKF7C,RETWEFVM7M2,26666,1,damaged,True,True
RIHZVUYFK1,RETWEFVM7M2,26664,1,like_new,True,True
RIRTD3U8N1,RETURF5WAIS,15172,1,like_new,True,True
RIUW85CYBC,RETURF5WAIS,15173,1,like_new,False,True
RI5EN3NYRI,RET0BG1526Q,30186,1,worn,True,True
RI4PGWVQ3W,RET7ESF1EVC,18621,1,like_new,True,True
RINP02AZGZ,RET7ESF1EVC,18620,1,like_new,True,True
RIW301UJLB,RETKCIAI37W,6877,1,like_new,True,True
RI9T1TKISZ,RETMV6A6EPB,7923,1,worn,True,True
RIIAR1VHOT,RETMV6A6EPB,7925,1,like_new,True,True
RISXKT3VS3,RETOSRTI1HC,3432,1,like_new,True,True
RIN7UV3KEU,RETOSRTI1HC,3430,1,worn,True,False
RIX0AOIJ9R,RET6O1EDXQG,5150,1,damaged,True,True
RI79EV6XHJ,RETIVPTJ0CB,24966,1,damaged,True,False
RIYYYW3C2Y,RETIVPTJ0CB,24964,1,like_new,True,True
RIDXX2LBL1,RETCHM1P1PF,17779,1,like_new,True,True
RILLDQSM08,RETT34BN6JF,13362,1,damaged,True,True
RIEIL7SV16,RET1V5Z5A6O,27659,1,like_new,True,False
RID7H4NA5Q,RET3JHYLR15,4277,1,like_new,True,True
RIVHJWKS6D,RET8ASNJFQ2,5475,1,worn,True,False
RIPORHJI4R,RET34F00IQ4,1744,1,like_new,True,True
RIIC43GKQO,RET34F00IQ4,1742,1,like_new,False,True
RIL88J9Q85,RETUG0YFK6R,5515,1,like_new,True,True
RI6JDPS4SX,RET44UM0JFT,28385,1,like_new,True,False
RIMCVOPGS8,RETPMVQPTZZ,30208,1,like_new,True,True
RIFMCHDN1X,RETPMVQPTZZ,30210,1,like_new,True,True
RIG7GRCL1S,RET6119KUS7,5289,1,worn,True,True
RIL3WVG48W,RETIP573MCL,14083,1,like_new,True,True
RIGZNVRCGU,RETEA7M880C,10506,1,like_new,True,True
RIBAQRSOMU,RET9X2APQFY,28864,1,like_new,True,True
RIZNNCQDWU,RETQY6K521G,8594,1,damaged,True,True
RIJVXQSTS5,RETOLCAGUE7,11874,1,like_new,True,True
RIZOF1TLWW,RETOLCAGUE7,11872,1,damaged,True,True
RI3HRSB8TD,RETD186MNCD,11750,1,like_new,False,True
RIDXNUF0UO,RETFOKYVQCO,6710,1,like_new,True,True
RIHV3SS6D4,RETAFD7CQGO,21583,1,worn,True,True
RI0EYK2DZ6,RETAFD7CQGO,21582,1,like_new,True,True
RI9C4TKCCI,RETSYSS9SJN,31637,1,like_new,True,False
RI3QYALHKU,RETGX0GMNT6,13429,1,like_new,True,True
RIULX0QGQR,RETGX0GMNT6,13430,1,like_new,True,True
RIKMERF8R2,RETQRVEPCQM,18442,1,like_new,True,True
RIRL8VVV4Z,RETQRVEPCQM,18440,1,worn,True,True
RIF6N7LEP6,RETP91OAM1M,29789,1,like_new,True,False
RIR5P95ZKI,RETEWUPIQ8O,20849,1,like_new,True,False
RIBGVYXNRM,RET6QUHJUQW,13906,1,like_new,True,True
RIRXMNZ8QS,RETDC9OAUU5,129,1,like_new,True,True
RI7DRFU8L6,RETNRL2HPQB,15080,1,like_new,True,False
RIBTR78L26,RET1SDUTMLU,23294,1,like_new,True,True
RIK7MCRI9W,RETHTKHQ5SQ,14745,1,like_new,True,True
RIALXDCFN9,RETFJJ4YXT7,1616,1,damaged,True,True
RIXMMGTXCM,RETFVK66FU6,14583,1,damaged,False,False
RILBSKUID0,RETX9IDTN4E,25646,1,like_new,True,True
RIQLSN7DXP,RET13CDLMWH,13868,2,like_new,True,True
RI59V0E8BX,RETH9E7YIIW,14215,1,worn,True,True
RIP21UQ4TT,RETH9E7YIIW,14212,1,like_new,True,True
RIUM66U3TJ,RET0J170LG7,15344,1,like_new,True,True
RIUHP7YPJI,RETAN9D482U,18979,1,like_new,True,True
RI3V95W3CM,RETQ9URF972,2008,1,like_new,True,True
RIUFQ9OPRL,RETQ9URF972,2006,1,like_new,True,False
RIPJR8AYOE,RETS51RBJB2,4455,1,like_new,True,True
RIQ0S3JB0P,RETZACVQ36X,17359,1,like_new,True,True
RID1HAQUS9,RETZACVQ36X,17360,2,like_new,False,False
RI66NSXK2G,RETJVR4P8I0,7233,1,damaged,True,True
RIKOPCIO2D,RET4TCBFMJR,6791,1,like_new,True,False
RI1FEUDOH5,RET4TCBFMJR,6792,1,like_new,True,True
RIK4BW9BVN,RETQBKAYTZL,1364,1,like_new,True,True
RIMINW6VR7,RET043ZTCVB,9929,1,like_new,True,True
RIUI94ANSY,RET043ZTCVB,9930,1,worn,True,True
RINKIE3QFV,RETX9WZGQL3,18152,1,damaged,True,True
RIB2P8WQO6,RETFE00VZKT,15597,1,like_new,True,True
RI4MX98YED,RETFE00VZKT,15596,1,worn,True,True
RIDWUETSNF,RET7U0V9G3J,16874,1,like_new,True,True
RIGZE55QYZ,RET3TFBUU84,695,1,like_new,True,True
RI4UGHM1H6,RETOJMD7HKA,30041,1,like_new,True,True
RIQQWJKJKB,RET96XKYHSB,4642,1,like_new,True,True
RIVQA3KDQC,RET96XKYHSB,4641,1,damaged,True,True
RI1BQAVV0E,RETUAMR386D,26231,1,like_new,True,True
RIMN9XBN26,RETCAK7JP59,715,1,like_new,True,True
RIFTXBBJMD,RETYPXYXWAX,19291,1,damaged,False,False
RI3UVES90I,RETYPXYXWAX,19292,1,like_new,True,True
RI0K8QTPRG,RETZ779AQ1S,617,1,like_new,True,True
RI9VQOXMO3,RETBVJVVT4G,14495,1,like_new,True,True
RI9EK92D4F,RET8AG4FNDS,15814,1,like_new,False,True
RI22C5FM4Q,RETWJB54S7D,13145,1,like_new,True,True
RILJIR0XGH,RETWJB54S7D,13146,1,like_new,True,False
RIK81JXF88,RETHE4UDFK7,9835,1,like_new,True,True
RIVOV31XWV,RETLAYAGR7N,6147,1,like_new,False,True
RI7BJXDIMQ,RETJDDYIAJY,5280,1,like_new,True,True
RIK12PL4UC,RETJDDYIAJY,5282,1,like_new,False,False
RIWKJIHAT6,RETLLCC911B,10699,1,like_new,True,True
RI6XQN7IQO,RETLLCC911B,10700,1,like_new,True,True
RIU6ZTTSE2,RET385BMKFP,2231,1,worn,True,True
RI3075EZ0I,RETKH7XS08T,16412,1,worn,True,True
RIXWRHAU6J,RET8TYWK9HM,5491,1,worn,True,False
RI3B7EYIPM,RET0OG23OLA,5853,1,like_new,True,True
RIQ1D50OOG,RET0OG23OLA,5852,1,like_new,True,True
RIL0P4D27U,RETK7ET6BAA,21155,1,like_new,True,True
RIYKNB9Y4D,RETT5Q4GKY6,10663,1,worn,True,False
RIR1XJDM0L,RETT5Q4GKY6,10662,1,like_new,True,False
RIX93Z0G18,RET0XRN8ZMW,20454,1,like_new,True,True
RISJ63OD1L,RET0XRN8ZMW,20456,1,like_new,True,True
RI6RDK8W96,RETVWLAMX04,30342,1,like_new,True,True
RI32O1YQJQ,RETVWLAMX04,30341,1,like_new,True,False
RIJFSQNPJZ,RET1AXBENPW,23891,1,like_new,True,True
RIY854L9TI,RET1AXBENPW,23892,1,like_new,True,False
RIEQB7ED39,RET9A5MU2HJ,4146,1,damaged,True,True
RI0K1CEO3H,RET9A5MU2HJ,4145,1,like_new,True,True
RI3282TZ3R,RET5XNNXZS6,23049,1,like_new,True,True
RIWQL4INOT,RET5XNNXZS6,23048,1,damaged,True,True
RI7DIPAYHD,RETFI4HU7WU,11908,1,like_new,True,True
RICEKWVBVE,RETFI4HU7WU,11907,1,like_new,False,True
RIN8XGO90V,RETYZJCXHB6,20552,1,like_new,True,True
RIBFSKJMFD,RETYZJCXHB6,20549,1,damaged,False,True
RIT9PQERJA,RETU3NZXY95,23654,1,damaged,True,False
RI60YC6AM9,RETU3NZXY95,23652,1,like_new,True,True
RI6Q0H740Z,RETI9LYUC36,7067,1,worn,True,False
RI48PLJLR5,RETVVQC1SRL,10713,1,like_new,True,True
RI2LQZAKLF,RETVVQC1SRL,10714,1,like_new,True,True
RI5CS7GJZ3,RETX8H5O1NH,2881,1,like_new,True,True
RIT8AWGFE4,RETX8H5O1NH,2880,1,like_new,True,True
RIK2VI78NL,RET1UUMNWQU,18765,1,like_new,True,True
RI028ZU6QR,RETWQ1XKQ90,27042,1,like_new,False,True
RIAGH4RRE0,RETZL1BVVFH,15824,1,damaged,True,True
RIH60AFACS,RET6GMQ2D7U,22589,1,worn,True,True
RILII8CQ1Z,RETHKWBOTET,24284,1,damaged,True,False
RI6DMGAHS6,RET19PKID60,9476,1,damaged,False,False
RIH7UDKO9Q,RET1VCF2P92,435,1,like_new,True,True
RI28Z7MPP2,RETISZQCK6R,5818,1,like_new,True,True
RI1P251Z20,RETXR0BNORX,8572,1,like_new,False,True
RIHYPQO6EY,RETNBXULHNX,21165,1,damaged,True,True
RIQIG9NZG8,RETNBXULHNX,21167,1,like_new,True,True
RIF9U0H4DO,RETWKQWBHR9,20758,1,like_new,True,True
RI1ZRO8GTV,RETS7MGUPZP,7132,1,damaged,True,True
RISNWLZECV,RETS7MGUPZP,7133,1,like_new,True,True
RISTQULZ8R,RETCGPLQZY2,6308,1,like_new,True,True
RIYCHZBHYC,RETTEY7FDTA,26455,1,like_new,True,True
RI1QGDARX2,RETSONKCKSC,3522,1,like_new,True,True
RI3REFR0CL,RETKMI73F4O,15731,1,like_new,True,True
RI1H3PD8FM,RETMSWV4SCL,24000,1,like_new,True,True
RI51UWSAPP,RETMSWV4SCL,23999,1,like_new,True,True
RIB9Q1LS7R,RETVUPY4FPD,4199,1,damaged,True,True
RIWCX4FNI8,RET0EBMQZVD,17336,1,like_new,True,True
RIDL7NWINU,RETAH8ORFZP,24954,1,like_new,False,True
RIWDCX8KLU,RETAH8ORFZP,24952,1,like_new,False,True
RI18PHE3OA,RETFFFMA2Z9,23460,1,like_new,True,True
RI0LEDXZZC,RETFFFMA2Z9,23459,1,like_new,False,True
RIDS8VA2JC,RETNT27E5G3,3160,1,like_new,True,False
RISOOQJZZ4,RETIGK2SIIR,2708,1,like_new,True,True
RIPIRUDRS8,RETIGK2SIIR,2709,1,damaged,True,False
RIBCQR3SN3,RETS3X95VQ8,16371,1,like_new,True,True
RIPKABWH4S,RETY5HS0TXF,5924,1,damaged,True,True
RISA1JZUVH,RET4WGWHR7B,1738,1,worn,True,False
RIH18EE5Q3,RETWVPSILM5,15137,1,like_new,False,True
RIMU4FN52E,RETFBA8B7LV,1910,1,like_new,True,False
RIJPY2OVKE,RETV1EYQSDY,15745,1,like_new,True,False
RIG1FELL0U,RETV1EYQSDY,15747,1,damaged,True,True
RIBCW3QA3H,RET5J2NARYV,30079,1,like_new,True,True
RIZZ71JH9S,RET6BQMUJVK,18561,1,like_new,True,False
RIZBJIUBDU,RET4A94TPDK,25998,1,worn,True,True
RIV65JWO4Y,RET4A94TPDK,25996,1,like_new,True,True
RIFIPFE64I,RETRKBGWT96,12937,1,like_new,True,True
RIB7GOMKIW,RETRKBGWT96,12936,1,like_new,True,True
RI1IJIYIL1,RET943I978R,11855,1,like_new,True,True
RICIDJTLLG,RET7ZR8JQYV,29267,1,like_new,True,True
RI9ATJC6JD,RETJ1X6QMR8,15046,1,like_new,False,True
RIFE0W1LVK,RETJ1X6QMR8,15048,2,worn,True,True
RIBK4JQF0C,RETRBR143PS,16794,1,like_new,False,True
RIW54ZAIFX,RET48IRRP00,4376,1,like_new,True,True
RIV26WC094,RET48IRRP00,4375,1,like_new,True,True
RIF5QFVWY8,RETVOE7YGNW,16518,1,worn,True,True
RIJHDHRVGV,RETVOE7YGNW,16519,1,like_new,True,True
RIDQBLQQ7H,RETC3FI3C3A,15841,1,like_new,True,True
RISQOO7CI0,RETC3FI3C3A,15844,1,like_new,True,True
RIA3UA8XJ2,RETBX40MIDU,9008,1,worn,True,True
RIU3WYK5IW,RETS4EOHOHN,51,1,like_new,True,False
RI86HLUZPN,RET2NKW7CEZ,20779,1,like_new,True,True
RIFG3QFO7R,RET2NKW7CEZ,20780,1,like_new,False,True
RINTX3M7Z2,RETEUSLMN1Z,31462,1,like_new,True,True
RIF58KDBUN,RETSJTX5FBO,14462,1,worn,True,True
RILS7S9U7Y,RETSJTX5FBO,14460,1,like_new,True,True
RI1OHCAPHJ,RETM9X0BDZ7,26484,1,like_new,True,False
RI3WKE41GV,RETM9X0BDZ7,26485,1,like_new,True,True
RI5YGC6CPE,RET5BDMA0CC,22604,1,like_new,True,True
RIGTUNSKNK,RETRSP7O97G,29591,1,like_new,True,True
RIOAIV30QQ,RETRSP7O97G,29592,1,like_new,True,True
RI182EDYVL,RETWBEWI1QR,2089,1,like_new,True,True
RIEC5J677S,RETWBEWI1QR,2087,1,like_new,True,True
RIJ8SPQR7E,RET322KAIT6,2053,1,damaged,True,False
RID64O867D,RET322KAIT6,2056,1,like_new,True,True
RIU7LY3TGX,RET5PTO9ZIJ,1420,1,like_new,True,True
RIU5ZRZWKZ,RET5PTO9ZIJ,1419,1,like_new,True,True
RINN1ECSC2,RET2MKI9KEH,15689,1,damaged,True,True
RIB1BK5PN6,RET6U4U8C8P,2240,1,damaged,True,False
RI8EL1M8P5,RETK1IS06QE,26679,1,damaged,True,True
RIJDPXH445,RETY2E9RU85,5419,1,worn,True,True
RIZJA8TUT6,RETY2E9RU85,5420,1,like_new,True,True
RIZQ4ZBIEN,RETRPJ3VZIQ,26382,1,like_new,True,True
RIEQ1R3LP0,RETD8V6U1Q4,10673,1,like_new,True,True
RI7RSJS95T,RETRADTXG52,14362,1,like_new,False,True
RIXBL5YFEW,RETRADTXG52,14363,1,like_new,True,True
RIO69D0WXD,RETQZZI2RO4,10834,1,like_new,True,False
RI8GAEBXEF,RETQZZI2RO4,10835,1,damaged,True,True
RI1WY3WDRD,RETI9A9VYNB,16717,1,like_new,True,True
RIQ2H6V76V,RETVRQ7LIH1,2490,1,damaged,True,True
RIMNTOVW2J,RETVRQ7LIH1,2493,1,like_new,True,True
RIPB05KVRZ,RETQSRW4S72,1953,1,like_new,True,True
RIOAG13H5R,RET8FB0O2N7,24622,1,damaged,True,True
RIG99CXM6K,RET8FB0O2N7,24623,1,damaged,True,True
RIO5RLNS22,RETOLXEAHUW,1688,2,like_new,True,True
RIML41LKQA,RETV707RLB1,9157,1,like_new,True,True
RI459208QD,RETV707RLB1,9155,1,like_new,True,True
RIO9OCPP8O,RETXEGSBWKD,28566,1,like_new,False,True
RIU5LHHXX9,RET3K8HEVI2,27663,1,like_new,True,True
RI5CV439AI,RET3K8HEVI2,27660,1,like_new,True,False
RIYKM508C4,RET2COJ8UQ2,21307,1,like_new,True,True
RICA4V1IWA,RETTMKXN5P8,26952,2,like_new,True,True
RIUT92SAJA,RETTMKXN5P8,26953,1,like_new,True,True
RI28Q621CL,RETG38ZN3M1,17833,1,like_new,False,True
RIQAMGGPUK,RET2GV5IL7K,26015,1,like_new,True,False
RIZ8O533W3,RET2GV5IL7K,26014,1,like_new,True,False
RIS3TCTN10,RETHT1I38VV,8794,1,like_new,True,False
RIYVTTBIBO,RETER42RM0B,19696,2,worn,True,True
RIIMG1J6HX,RET6IGLQT14,15151,1,like_new,True,True
RIY2L6HFAN,RETL2LGT4S6,6404,1,like_new,True,True
RIN3SPBP9R,RETL2LGT4S6,6403,1,damaged,True,True
RITKTZZOX3,RET11E7FH77,25126,1,damaged,True,True
RI5PYWOLFD,RETLSRARNVM,19760,1,like_new,True,True
RITL6P62TM,RET6JYCVBM5,23574,1,like_new,True,True
RIXR88SHMY,RET6JYCVBM5,23573,1,damaged,True,True
RIYJOZ7ST5,RET3OYBY60N,3681,1,worn,True,True
RIK0U7US0G,RET3OYBY60N,3682,1,damaged,False,False
RIKJEDCL4K,RETP3R614E3,12085,1,like_new,True,True
RIO0BKIO34,RETP3R614E3,12086,1,like_new,True,True
RI7DORV0RN,RETNE8H60T0,23970,1,damaged,True,True
RICFP3YUQY,RETZQ384R6O,6002,1,like_new,True,True
RI123POW7U,RETRLIY8LZT,8695,1,like_new,True,True
RIX8WBQXS2,RET31Z9E05V,6707,1,worn,False,True
RIIHSRM0X0,RETGIO8P7KR,20802,1,worn,True,True
RIZZ0BO9BZ,RETYNK5LPRD,21283,1,worn,True,True
RINEOFS2CW,RETYNK5LPRD,21285,1,like_new,True,True
RIHZU6ADHU,RETVEPMSVJ2,25991,1,like_new,True,False
RIIWT993YK,RETVEPMSVJ2,25990,1,like_new,True,True
RICTO89B9W,RET02957NPG,29373,1,damaged,True,True
RIWSJ4ZMP3,RET02957NPG,29375,1,like_new,True,True
RIHY75P96O,RETMM2YW5NN,14068,1,like_new,False,True
RI1FZ4WF0Y,RET70ACI3FL,18177,1,like_new,True,True
RI27PF0WOZ,RET00GL8HTM,17382,1,damaged,False,False
RIMDUXKRQJ,RET00GL8HTM,17379,1,damaged,True,True
RIB9YVA78K,RETMADVTMB4,5827,1,like_new,True,True
RIZCIZYKA9,RETELAYLJ0Y,3557,1,damaged,True,True
RID9JG2MTZ,RETELAYLJ0Y,3558,1,like_new,True,True
RIT20UYXWJ,RETZRZ43FJX,6548,2,worn,True,True
RIRFNYUF4A,RETZRZ43FJX,6549,1,like_new,True,True
RI8N5PQVZS,RET2YSTN875,14059,1,like_new,True,True
RIGLUKOSVI,RETKU4OKMH2,1125,1,damaged,False,False
RIJRBN6VER,RETCCV63310,10550,1,like_new,True,True
RIGY3BJIJH,RETCCV63310,10549,1,like_new,True,True
RIWIMQ213R,RET6ABD2USN,26246,1,worn,True,True
RI59VMZEBS,RETJR3WCJIM,12308,2,damaged,True,True
RIGV0JT3A2,RETJR3WCJIM,12307,1,worn,False,True
RIFPGGRE9V,RETXPOO5HP3,26636,1,like_new,True,True
RIXRLB2Z0P,RETXPOO5HP3,26635,1,like_new,True,True
RI93TOU2W2,RET119ICDL5,24990,1,like_new,True,False
RIS1A0LW2K,RETRYSO6I0U,19041,1,like_new,True,False
RICL3N4MMR,RET2UZLHVJ7,13122,2,like_new,True,True
RIT8KWKMCM,RET9L1NOWL7,5395,1,like_new,True,True
RI031N9EQX,RET1AYE7UFV,22972,1,like_new,True,True
RIYIXE9T0H,RET1AYE7UFV,22971,1,like_new,True,True
RIW5CBZQ8U,RETSQLULMOU,28939,1,worn,True,True
RIWQ5HH9D4,RETZW2UI2BW,1287,1,damaged,True,True
RIRL4IUHAD,RETDMI7SG28,9923,1,like_new,True,True
RIK0CUA7EN,RETI4RHWWE7,4020,1,like_new,True,False
RIMRSSHA3T,RETI4RHWWE7,4018,1,like_new,True,False
RI5MVQNWQK,RETGG41RHII,27809,1,like_new,True,True
RIB2YMH8IP,RETGG41RHII,27810,1,worn,True,True
RIO2737UVB,RET08ATK35H,27822,1,like_new,True,True
RI2ROPUJ38,RET08ATK35H,27825,1,damaged,False,True
RIKA542IPT,RETYSFEQ8SE,10190,1,like_new,True,True
RILET5VSGK,RETC1GU7NU3,22547,1,like_new,True,True
RIJ2IX6U7X,RETEY1FE1A2,10035,1,damaged,True,False
RIN3SBPMBC,RETTIKZYPDB,27701,1,like_new,True,True
RILRVWBZ6T,RETTIKZYPDB,27700,1,like_new,True,True
RIFQ33DB2W,RETKKYUIXV3,829,1,like_new,False,True
RIKFQ0R0LD,RETH6QNF2GK,31187,1,worn,True,True
RIP46Z1UVB,RETH6QNF2GK,31188,1,like_new,True,True
RI2DW8J1LQ,RET7OJ94DI8,28026,1,like_new,True,True
RI2ZX5BGKV,RET8E2DDGMS,8683,1,worn,False,False
RIXUDV9AKP,RETTT5N2FP6,31160,1,like_new,True,True
RIVO6BB48M,RETKV6AHSTE,25216,1,like_new,True,True
RIE5WS6N8S,RETZX27909O,21235,1,damaged,True,False
RI7OEBN6SG,RETZX27909O,21234,1,worn,True,True
RI9PFO5XUR,RETLG06EODQ,23796,1,damaged,False,True
RIM52XDFQY,RETYI15V4LG,17330,1,damaged,True,True
RIB1OSKIOY,RETMPGV5NE3,15778,1,damaged,True,True
RIYR2XS7RP,RETMPGV5NE3,15779,1,like_new,False,True
RI6560UMIP,RETIOX6DM3K,6513,1,like_new,True,True
RIP9OKEXE5,RETECZXSEB8,12734,2,like_new,True,True
RI2ETKSUFS,RETECZXSEB8,12733,1,damaged,True,True
RI04EZYRRV,RET1M2XB7OS,18483,1,worn,True,True
RIBPEGXMH6,RET6Z4GP2J4,2731,1,like_new,False,True
RIYTG1J05I,RET5AFWVN3A,12789,1,damaged,True,True
RI63JLTPXF,RET84N8J361,22463,1,like_new,True,False
RIIDN1590F,RET84N8J361,22462,1,like_new,True,True
RIHCOW5LV0,RETJ3QCFXEF,20489,1,damaged,False,True
RIYE5BSR79,RETHN1FTYCP,25937,1,like_new,True,False
RI4ZDQ7X3X,RETBQOOEJPI,3775,1,damaged,True,True
RIEPCMOJ0X,RETYS1XOF42,30589,1,worn,True,True
RIXTUOOE2Z,RETTJA0E0VH,153,1,damaged,True,False
RI6E4WPN6P,RETU1A6NV3I,5392,1,like_new,True,True
RITJSBME8Z,RETU1A6NV3I,5393,1,damaged,True,True
RIEGD4WHWI,RETZAEKS9IM,27558,1,damaged,True,True
RI6X1YRQMA,RETZIKJZOOX,28930,1,worn,True,False
RILUXSTB84,RETM4BPMK9T,14142,1,like_new,True,False
RIX14XIR39,RET6NSOBF8J,20694,1,like_new,True,True
RIATQ8J8G2,RETS494WLGQ,6148,1,damaged,True,True
RIHK94073Q,RETNJXCIH3W,15165,1,damaged,True,True
RI6ULZR1BM,RETNJXCIH3W,15166,1,damaged,True,True
RIYSONZBQF,RET4FF5XS6V,24182,1,like_new,True,True
RIF32TN013,RET3ZAZ25EO,14732,1,like_new,True,True
RIMYMKRCL2,RET3ZAZ25EO,14730,1,damaged,True,True
RIP945BGNZ,RETKK8TEBGG,12328,1,like_new,True,True
RI2ZE4R2AI,RETKK8TEBGG,12327,1,like_new,True,True
RIJ38JA6B4,RETNBR8RCTU,24232,1,like_new,True,True
RII3O7XF7Q,RETR1AI8BWC,5959,1,like_new,False,True
RICZS2WI4T,RET1QBIWLLQ,20828,1,damaged,True,False
RIYYNC3LVJ,RETAPSL5BGX,29803,1,like_new,True,True
RINE704QAY,RETVWMONPX3,28708,1,like_new,False,True
RICG6DKRDR,RETVWMONPX3,28707,1,worn,True,True
RI6EI67UJJ,RET0LBIUQ3R,18912,1,like_new,True,True
RIWPY19NSQ,RET78MS1QC2,18471,1,damaged,True,True
RIVYALOKSX,RET1N3379LJ,9237,1,damaged,True,True
RICKIV1BS5,RETSIHCSEYA,8994,1,like_new,True,True
RIH0OYKZSV,RET2N3WRYEB,3740,1,damaged,True,True
RIF1FQ8AUH,RET2N3WRYEB,3738,1,like_new,True,True
RIKP60V5BH,RET6NZPIEQ9,26235,1,like_new,True,True
RIV1Y7D8RM,RETBBMFWUPJ,19734,1,like_new,True,True
RI0B8KBO3R,RETHOKIYYXF,23682,1,damaged,True,True
RI9KLLF627,RETHOKIYYXF,23680,1,worn,True,True
RIF0AWTCQ3,RET1WSGS0IJ,24486,1,damaged,True,True
RIGWPGHS8H,RET1WSGS0IJ,24485,1,like_new,True,False
RI8WB8RDY7,RETSJ3LHOJ7,17787,1,like_new,True,False
RI4CY661A9,RETEG4CATRY,5970,1,like_new,True,True
RIZKN2M13P,RETEG4CATRY,5972,1,like_new,True,True
RIT73EE6QG,RETU9AMLD9T,19311,1,worn,True,False
RIRW3Q1CAZ,RET2LTAM7V9,31174,1,like_new,True,False
RI2HP7HFXW,RET2LTAM7V9,31175,1,like_new,True,False
RIP7QPOF14,RETINQL0H52,12947,1,like_new,True,True
RID4X01M8L,RETEQIZ790I,9480,1,like_new,True,True
RIEKGMPLGX,RETEQIZ790I,9481,1,like_new,True,True
RIM876ZVKU,RET4MAKYAFH,23314,1,like_new,True,False
RIK0TN5MH1,RETANEAXTTS,9332,1,like_new,True,True
RIVAKOLLMM,RET099974O0,24662,1,worn,True,True
RIGXEWUXB8,RET0NWEX0MU,26872,1,like_new,True,True
RILGFVMSAU,RET0NWEX0MU,26871,1,worn,True,False
RI1ETN0SD2,RET5FTQUD42,19919,1,like_new,True,True
RIR2TZK5V2,RET908OWGIS,30303,1,like_new,True,True
RISDGOR3BG,RET908OWGIS,30304,1,like_new,True,True
RIHUL8V3O6,RETO9TN4M99,5356,1,like_new,True,False
RI68OKI21R,RETO9TN4M99,5354,1,like_new,True,True
RI6JKKTBDJ,RETMX532EPS,8743,1,like_new,True,False
RIQKW29EK8,RETMX532EPS,8740,1,like_new,True,True
RIQZV83E26,RETRQGYKT8U,15237,1,like_new,False,True
RIXM4RNSXI,RETRQGYKT8U,15238,1,worn,True,True
RIEHO9KEBP,RET8O75FR3B,14231,1,damaged,False,True
RI5LYK704U,RET8O75FR3B,14232,1,like_new,False,False
RIP7Q6JLCS,RETQPH4A2GR,14987,1,worn,True,True
RI3U7BCL69,RETIG97J612,7290,1,like_new,True,True
RIJ98LQ8JM,RETIPVDF09G,8988,1,like_new,True,True
RI2U7JP4MP,RETIPVDF09G,8990,1,damaged,True,False
RIPH730MDT,RET92WSPV5V,17397,1,like_new,True,True
RIOYA6EDD4,RET92WSPV5V,17396,1,worn,True,True
RI1RAE522B,RETD3DK2GA6,31234,1,like_new,True,True
RIPMYKCLHT,RETLJN6MYMJ,6995,1,like_new,True,True
RIP6VMAK5T,RETLJN6MYMJ,6996,1,damaged,False,True
RIPX1UKMC6,RETFVU8ETC4,30695,1,like_new,True,True
RIWCWFNBFZ,RETTB92GA8E,24876,1,like_new,True,False
RIY4BEH9NR,RET47VGMNH9,16190,2,like_new,True,True
RI66PHYLRT,RET47VGMNH9,16191,1,like_new,True,False
RIEVDHLYFQ,RETI4NJNKKC,7518,1,like_new,True,False
RI3EJVG94U,RETM9367OUV,28257,1,like_new,True,False
RIK3PXR5DX,RETXONYPA8H,2546,1,like_new,False,True
RIM27MZW7D,RETXN24PYNA,21417,1,like_new,True,False
RI64YSDGR8,RETMCZ3WFVY,18815,1,damaged,True,True
RI2BDWZ8V2,RETIT0OWHSE,30097,1,like_new,True,True
RI137RS66G,RETUF0L2UG4,7915,1,like_new,True,True
RI4JHKRO3M,RET4PP8XY12,3243,1,like_new,True,True
RIZZ0UVYHI,RETBHSUI93R,31631,1,like_new,True,True
RIGHMY9M9C,RETBHSUI93R,31632,1,worn,True,False
RI46R1FWV6,RETTBJLUJQ5,130,1,like_new,True,True
RIKA6SW3PO,RET2SSDFIWG,4622,1,damaged,True,True
RIZ0SMS0PL,RETGZT0S1V1,22311,1,damaged,True,True
RIQ8JBQOLL,RETGZT0S1V1,22312,1,worn,True,True
RIA9P5WZG3,RETZYM9QTXU,27547,1,like_new,True,False
RINSL95HB7,RETQ5UDOUKN,11331,1,like_new,True,True
RIB1FUOXHD,RETGXVA8AQI,18133,1,like_new,True,True
RIZS9BGEOB,RETOBLI7EC1,9999,1,like_new,True,False
RIRONK0MLG,RETQ3WPDWWG,26081,1,like_new,True,False
RI1EGBUFVQ,RETQ3WPDWWG,26080,1,damaged,True,True
RIDDN5DS4A,RETL266GBMN,16806,1,like_new,True,True
RIHVLKN20U,RETPYEMLO4F,18481,2,damaged,True,True
RIW09RMPP9,RETQAVCUR5D,18314,1,like_new,True,True
RIBC03Q3QD,RETQAVCUR5D,18315,1,like_new,True,False
RI7LVG6WYC,RET848S1J5G,7229,1,like_new,False,True
RIA7ESHP4Z,RET848S1J5G,7228,1,like_new,True,True
RIY04MLRAZ,RETGR5X98QX,7658,1,like_new,True,True
RIUFCZC4FN,RETM7TGA9R4,25890,1,like_new,False,True
RICIO46XX1,RETGLAXDJ43,8919,1,like_new,True,True
RIWCJS32NM,RETF9IPLXOO,31610,1,like_new,True,True
RILJDA7KAB,RETF9IPLXOO,31608,1,like_new,True,True
RI8W4USUWC,RETF6QNNQWO,19222,1,like_new,True,False
RI3V6P3KCL,RET8F0AUXOP,11840,1,like_new,True,True
RIBKO5OK5H,RET8F0AUXOP,11837,1,like_new,True,True
RIRUUIYUIE,RETHTP5K30Y,15436,1,worn,True,True
RIB3JB006Y,RET1QLADU8B,14305,1,like_new,True,True
RIR3R8P6J3,RET1QLADU8B,14306,1,worn,True,True
RIMWHK3ULB,RETE30UU6PD,1357,1,damaged,True,False
RIG45FZGB6,RETE30UU6PD,1358,1,like_new,True,True
RIT7MI80QD,RETXE4KE4UP,16495,1,worn,True,True
RIBP46A656,RETO54DAG1U,29333,1,like_new,True,True
RINLR3TEBR,RET2Y1CEE3D,11501,1,like_new,True,True
RI4GBOOZL5,RETN85KXK7Y,22750,1,like_new,True,True
RIFZYWELK3,RETXMBSBFQF,10041,2,like_new,True,True
RIZUA6A7XE,RETDE3WCPKY,24183,1,like_new,True,True
RIB06R4HVX,RETXH0UKUZ4,25831,1,like_new,True,True
RI5HV4Y6D5,RETMAU3PAL7,22425,1,worn,True,True
RIPPF4ZZLP,RET4W0CECOC,24543,1,like_new,True,True
RIPGM75CMY,RET4HU9184S,12541,2,worn,True,True
RIB4RJH191,RET4HU9184S,12543,1,worn,True,True
RIKNNVOVZ4,RET013M52H1,15082,1,like_new,True,True
RI7KS5WSV4,RET013M52H1,15081,1,like_new,False,True
RITJQ2MI4O,RET3WTKQBM2,1631,1,like_new,True,True
RI1U5EOQYD,RET8EL25NFP,27378,1,like_new,True,True
RIZDF7ZJ2K,RET2ROJZMKU,1207,1,damaged,True,True
RID7YAKV5J,RET2ROJZMKU,1210,1,like_new,True,True
RI01BGCD9Z,RETW7040ZC1,21061,1,like_new,True,True
RI8DTOSW2C,RETW7040ZC1,21062,1,like_new,False,True
RIIUTYKZ2E,RETA5QHYXZO,6762,1,like_new,True,True
RIL37DPIAB,RETIPBIGY74,23569,1,like_new,False,False
RIUZPV14IY,RETOJS3ENFC,4893,1,like_new,True,True
RIAWYR2PZ2,RETW4FRX759,2870,1,like_new,False,True
RI0C800T3Q,RET974CMEP8,10830,1,like_new,True,False
RIWQDOPDS9,RETTVHSA6RI,6305,1,like_new,True,True
RI6U2P56LC,RETMMZ04EXL,6649,1,worn,True,True
RIVRO18HOU,RETMMZ04EXL,6647,1,like_new,True,True
RI6WIHZLBZ,RETTCH5O1WC,28334,1,like_new,True,False
RI3VIDGWMU,RETYKL6R2RR,19211,1,like_new,True,True
RIWM1VURDY,RETYKL6R2RR,19213,2,damaged,True,True
RICRW48Z7X,RET3QEPW9DQ,24039,1,like_new,True,True
RI8JJTE0IL,RETHROZ6M7N,5217,1,like_new,True,True
RISJWK52SX,RETHROZ6M7N,5219,1,worn,True,False
RIM9FGY1XH,RETHG60IIUX,13320,1,like_new,True,False
RI5EK0KJQB,RETD64ZOPZ6,2374,1,like_new,True,True
RIQLX2JWDB,RETMXP7AI4F,2359,1,like_new,True,True
RICNN245LI,RET639BEY9T,20428,2,like_new,True,True
RIU6OG2CV7,RET639BEY9T,20427,1,like_new,True,True
RIQFX6TQ5R,RETFI4C89C1,30472,1,like_new,True,True
RID18MGE2R,RETF6KF546R,26673,1,like_new,True,True
RI7XJBUHOH,RETF6KF546R,26671,1,like_new,True,True
RIDQYL407Z,RETV4IPWIP7,29029,1,like_new,True,True
RI683XHYUR,RETD84O545D,25448,1,like_new,True,True
RIXE2MKITU,RETFZIQFYOD,25234,1,like_new,True,True
RIL800R05J,RETT934A3FH,7168,1,like_new,True,True
RIHJIVYI5Z,RETT934A3FH,7166,1,like_new,True,True
RI5SYDKJSF,RETJQGVP7O9,24124,1,damaged,True,False
RI8WTY3WZH,RETNNR1L5WV,16768,1,like_new,True,True
RI2TQ4DFAX,RETNNR1L5WV,16769,1,like_new,True,True
RITKTGIW0Y,RETVGV8C1NP,12687,1,like_new,True,False
RIMW0UR4UE,RET96TWFYOX,14897,1,damaged,True,True
RIB7YDBQPM,RET96TWFYOX,14900,1,like_new,True,True
RIU99V1FD0,RETF5RW6BR8,27404,1,like_new,True,True
RIASYZ3AM2,RETOT76Y7DS,27577,1,like_new,True,True
RI6NHU6P6K,RETOT76Y7DS,27574,1,like_new,False,True
RIGJE2ER36,RETR6YKLZLO,10911,1,worn,True,False
RI6D097GT7,RETR6YKLZLO,10912,1,like_new,True,False
RIMDYALMAP,RETBCOPFQ9O,24812,1,like_new,True,True
RIGKQHML0L,RETSKCRJ77X,17150,1,like_new,False,True
RI1TZYS83X,RETSKCRJ77X,17151,1,like_new,True,True
RIBNY50N55,RETSD3121V5,15526,1,like_new,True,True
RIR8QFE0KL,RET5KHOF7E3,17051,1,damaged,True,False
RINV11TK7E,RET00M1V4MS,3503,1,like_new,True,True
RIOPRWVJLU,RETOXVP45L9,19410,1,like_new,True,True
RIX1RPSUID,RETONEL4DVH,22449,1,like_new,True,False
RI9VT7NDOD,RET86GM727N,22197,1,like_new,True,False
RI046CLQEF,RETSWV3EMMX,30368,1,like_new,True,True
RIWEV0RIBO,RETZ7EMBCRK,23052,1,like_new,True,True
RINVVXQG22,RET230UZ1KQ,10682,1,like_new,True,True
RIRJGPAL7M,RET230UZ1KQ,10680,1,damaged,True,True
RIU3S7RCHL,RETN99414BD,5682,1,like_new,True,True
RINPP2IUC5,RETN99414BD,5681,1,like_new,True,True
RINL2U2W3B,RETYGEU6G3J,15930,1,like_new,True,False
RIEJZTELF8,RETWF7AJ1CN,25896,1,damaged,True,True
RIOM7RJFMB,RET4J64TFWD,11041,1,like_new,True,False
RIB0D21QAN,RET4J64TFWD,11040,1,like_new,True,True
RI5G69437L,RETI7PDSST2,2437,1,like_new,True,False
RI9OXHMK0E,RETI7PDSST2,2438,1,damaged,True,True
RI6O83PDWB,RETIXM2N02L,5117,1,like_new,True,True
RI9L7YOALJ,RETYD06YZZ9,10596,1,worn,True,False
RIALRG6XPR,RETYD06YZZ9,10598,1,damaged,True,True
RIR6ZJLLZR,RETXSU0JUXU,27874,1,like_new,True,True
RIDA8UZO3O,RETXSU0JUXU,27873,1,like_new,True,False
RIUUCAUMRV,RETFPXVP1E3,2928,1,like_new,True,True
RIJW6ZW4F2,RETFPXVP1E3,2929,1,damaged,True,True
RIH94O6C8O,RET1A2CE97I,17609,1,damaged,True,True
RIM5XV7DQ1,RETJETVSEM6,27882,2,like_new,True,True
RI35R3TX9J,RET6TVJWP0O,26640,1,like_new,True,False
RIE52XFD37,RETO2VMHLFL,31681,1,damaged,True,True
RIPLZW5RYY,RETU6K17ZKZ,2752,1,like_new,True,True
RIU27I3U7Q,RETCQG9JGF4,22749,1,like_new,True,True
RISOKB4MX6,RETPL6YFTSX,21213,1,like_new,True,True
RI1RFT3X5V,RETPYQA4H4P,24665,1,like_new,True,True
RI4SZ1JTH2,RETNWYJYOG8,17794,1,like_new,True,False
RINEZWEGMS,RET2B855QX4,10483,1,like_new,True,True
RIZ1APFB9L,RETKC6VCPD1,26255,1,damaged,True,False
RINEDO2Q4X,RETKC6VCPD1,26258,1,like_new,False,True
RI2CNB1ITY,RETYF35GSDW,12391,1,like_new,True,True
RIHVTFEJCC,RETYF35GSDW,12390,1,like_new,True,True
RISF3LBF9Y,RETJO8FT2VR,24566,1,damaged,True,True
RIEWTR14RI,RET4C1Y5J48,8218,1,like_new,True,True
RIK7QV3RLH,RETHQI0HLRB,21415,1,like_new,True,True
RIGGCFH4ER,RETKV7MS6YA,18850,1,like_new,False,True
RI87G8RQPM,RETHO8G8JRN,145,1,like_new,False,True
RITVAY5SH3,RETHS4S507S,26489,1,like_new,False,True
RIUKFC2PYF,RETHS4S507S,26488,1,like_new,False,True
RIYGG9EYBJ,RETBNVED70X,9171,1,damaged,True,False
RIFH7PHIO0,RET4FC7D0XT,6371,1,like_new,False,True
RI8V45GIVV,RETOVWSSZU6,22854,1,like_new,True,False
RI4XBE1PN3,RETN6JTEM4G,30946,1,like_new,False,False
RIOV2ZIAFK,RETN6JTEM4G,30944,1,like_new,True,True
RINUNXWJ5C,RET6WAYYPO3,1464,1,like_new,True,True
RI0MLY8SR5,RETVNYW2FTE,6871,1,damaged,True,True
RIJ03YSNJC,RETKOCWJ3OL,25961,1,like_new,True,True
RI83EQ4S47,RET6ZJO5KPD,4898,1,like_new,True,True
RIEUKRWME5,RET6ZJO5KPD,4897,1,damaged,False,True
RI7WQ8N5D8,RET4OWJQVXM,11095,1,like_new,True,True
RI4OJ93358,RET4OWJQVXM,11093,1,like_new,True,True
RITAJFVN4X,RETRZUWITR0,5992,1,like_new,True,True
RIKMJ3Z67L,RETDWCTJ9SM,9841,2,like_new,True,True
RIC6QGFGJ0,RETDWCTJ9SM,9840,1,like_new,True,True
RITLCSFHVK,RET4DCLAXHB,3700,1,worn,True,True
RIQ6HEDS0S,RET4DCLAXHB,3699,1,like_new,True,False
RIKT4E9VWO,RETCE4TJWT1,3037,1,like_new,True,True
RISW8MNKAG,RETCSG0YIDO,219,1,like_new,False,True
RIOS11ZV8Z,RETHZZ9UIRG,25434,1,worn,True,True
RIO7E3RMZX,RETARSAV0SE,8680,1,like_new,True,False
RIV41L113R,RETARSAV0SE,8679,1,damaged,True,False
RI7DW8ZIKO,RETGXETCLO6,31025,1,like_new,True,True
RIDF1SPHQR,RET2HSCOVIT,14754,1,like_new,True,True
RIHR7GE3MT,RET57LPMDHX,9402,1,like_new,True,True
RIAI530X7Y,RET1I0LTJOQ,19066,1,like_new,True,False
RIEV5S4LSK,RET1I0LTJOQ,19067,1,damaged,True,False
RIJZPSZ6TB,RETO3SQUFNP,25149,1,like_new,True,True
RINAVV83ZA,RETL5FWQQK9,31753,1,like_new,False,False
RILPGBQQZT,RET4VI89GUB,24886,1,like_new,True,True
RIRXYE4VS4,RET08L4CYMO,25244,1,worn,True,True
RIMNWX9UX0,RETSYEMCHOM,25005,1,like_new,False,True
RI806GKNZ3,RETWQ1INAFP,30114,1,like_new,True,True
RI873M1Y6B,RETYJI6DGG3,22419,1,like_new,True,True
RIC9QRRROU,RETYJI6DGG3,22418,1,like_new,True,True
RIPTRUGVPI,RETY0QFQ3MU,29896,1,like_new,False,True
RI2T4WL77N,RETLV5AQFF1,19548,1,like_new,True,True
RI1DR37A5J,RETLV5AQFF1,19549,1,like_new,True,True
RI80YIPGML,RETHZM15DP0,1782,1,like_new,False,True
RI7GKU6SYZ,RETTYGL5UMB,16539,1,like_new,True,True
RIQQSU2H1P,RETB8BGX1E0,1131,1,damaged,True,True
RI7J21TENF,RETB8BGX1E0,1130,1,damaged,True,True
RIEGFKG6P2,RETGAKW7SPQ,22085,1,like_new,True,True
RIV769ZDQ8,RETGAKW7SPQ,22086,1,like_new,True,False
RIAX5RI0KJ,RETL1TMHLYK,5710,1,damaged,True,False
RIMRLFJVGJ,RETL1TMHLYK,5711,1,like_new,True,True
RI9ACI45YV,RET0VCRCCM4,1188,1,damaged,True,True
RIMZI7VOJ3,RETEYLLTO3U,30287,1,like_new,True,True
RIFPR8Z1CM,RETGONPJAKL,18253,1,like_new,True,True
RIKEUEQKXW,RETGONPJAKL,18254,1,like_new,True,False
RIVEU940AE,RETAQMYDMRT,18267,1,like_new,True,True
RI05NPQIA7,RETZ6COUZYG,19849,1,like_new,True,False
RIA802FLWD,RETDCFNWILF,10609,1,like_new,True,False
RIRX88TLS2,RETEWRMNIS2,27291,1,like_new,True,True
RIQE3W7XPI,RETW6M31XFX,15071,1,worn,True,True
RIQXXPKQK1,RET4PIRPGGP,29448,1,like_new,False,True
RIQWQQN64H,RETJKYGWP1O,19586,1,worn,True,True
RIE7JWPDK2,RET7B5PWPTQ,25753,1,like_new,True,True
RI72W4AW53,RET7B5PWPTQ,25754,1,like_new,True,False
RIIV5SI1LV,RET94GUG7K1,13813,1,like_new,True,False
RIRM3R3WAM,RET94GUG7K1,13812,1,like_new,True,True
RI8ORG4ZVJ,RETP4T47THU,21473,1,like_new,True,True
RIUHWISGFE,RETP4T47THU,21474,1,worn,True,True
RIRTFBM0JG,RETKZ1V7VLZ,4978,1,like_new,True,True
RIS3Q1DHZ5,RETB03F3W1F,20944,1,like_new,True,False
RIDT0W0KRG,RETA2WB2KHS,23132,1,like_new,True,True
RIBZR2LM2F,RETA2WB2KHS,23134,1,like_new,True,True
RIVA4XKJ4S,RETZJ61EQ3Y,15513,1,worn,True,True
RI1H4LU16T,RETE9AFNCOV,18238,1,damaged,True,False
RIZDBBZS3G,RETE9AFNCOV,18237,1,like_new,True,True
RIQIKCC2TK,RET05UXVKWC,17123,1,damaged,False,True
RIHZXRPCNN,RET05UXVKWC,17124,1,like_new,True,True
RIJMBZRVPV,RETAOJVE7G7,2189,1,like_new,True,True
RIMV3PQZXF,RETAOJVE7G7,2188,1,like_new,False,True
RIZU8E1FRL,RET437FYZ4T,24538,1,like_new,True,True
RI6BVIQPMZ,RET437FYZ4T,24536,1,like_new,True,True
RI3Y5HNCFT,RETK4VZVPD9,20322,1,like_new,False,True
RIGTPG7YIN,RETK4VZVPD9,20321,1,damaged,True,True
RIXA38A527,RET4GDHAA3W,4248,1,worn,True,True
RIN5XQNDG9,RET4GDHAA3W,4249,1,like_new,True,True
RI8IRXZ60N,RET26F15FUQ,12927,1,like_new,True,True
RIIJVKMJGH,RETLDKOERL6,5220,1,damaged,True,True
RIXN3A812G,RETLDKOERL6,5221,1,like_new,True,True
RIR0DBQ4YG,RETQO4Y2LB9,7321,1,damaged,True,False
RICZOOKOI1,RETQO4Y2LB9,7322,1,like_new,True,True
RIVVB5ABHC,RETI34NJRUQ,4459,1,like_new,True,True
RIZCAT6KUW,RETI34NJRUQ,4457,1,like_new,True,True
RIPTQ4ZMUS,RETMLUMLA0M,4281,1,like_new,True,True
RIHC1F9LMH,RETMLUMLA0M,4283,1,damaged,True,True
RIC2B8ZJTD,RETE4QG1K5F,21468,1,damaged,True,True
RIWCJQCMUW,RETJ5XLUSIY,656,1,like_new,True,True
RIH5G3ZBRF,RETJ5XLUSIY,658,1,like_new,True,False
RIFQZUI599,RET4WVKZ2EO,2063,1,like_new,True,True
RIRMRL5FAB,RETF5ITPSO0,28117,1,like_new,False,False
RIXBIXLAIA,RETF5ITPSO0,28116,1,damaged,True,False
RILYHUZSED,RETZQWB9HNR,29211,1,like_new,True,True
RIPNYFACHB,RET0RQBB4J6,5722,1,worn,True,True
RIGPENU811,RETOUF8U5UT,24525,1,damaged,True,True
RIVFVWYTZN,RETS8SQ7LUA,13053,1,damaged,True,True
RI1H7VRDTP,RETS8SQ7LUA,13056,1,like_new,True,False
RIYH7IR85B,RET20GWRPGN,3496,1,like_new,False,True
RIINQ8UJIZ,RETQ5D86NRH,23343,1,like_new,True,True
RIGCG9KENO,RETCWCN1FVE,12417,1,worn,True,True
RINT8OLPLV,RETCWCN1FVE,12416,1,like_new,True,True
RIW2002M12,RETEBIC4J6Q,7594,1,like_new,False,True
RI0ZXHA447,RET6G0FOUU2,16958,1,like_new,True,True
RILZWEJAZC,RET0Y0LNXHL,7428,1,like_new,True,False
RI8QNCC6CZ,RET1GEDD4A3,4700,1,like_new,True,False
RICKK96R42,RET1GEDD4A3,4699,1,like_new,True,True
RITAYTB6UX,RETKH4UNEW6,24923,1,like_new,True,True
RIJBD8FCCM,RETKLW46O7N,13843,1,damaged,True,True
RIGTQ0UNHR,RET2RKVU8J4,12170,1,like_new,True,False
RIQEJXQX6X,RET2RKVU8J4,12171,1,damaged,True,True
RIR2QFN0SP,RETC2NIA92M,27676,1,like_new,True,True
RIOEE059QF,RET6Y6FYY9N,52,1,like_new,True,False
RIW3MM4IKQ,RET6Y6FYY9N,53,1,like_new,False,False
RII5A47NZX,RET223QXY40,29557,1,like_new,True,False
RIWQBA7L93,RETX3U2R1WN,17173,1,like_new,True,False
RIHETBH23R,RETVC0Y185O,31524,2,like_new,True,True
RIF9NKJOWM,RET498HOBPM,21641,1,damaged,True,True
RIQYI9DYV5,RET498HOBPM,21639,1,worn,True,True
RI0XSQE3XJ,RETPPTBAVHU,3909,1,damaged,True,True
RIF88LRBJ5,RETG5LCS7FB,24074,1,damaged,True,False
RIKW2TDF7X,RET14B7THJU,7353,1,like_new,True,True
RIKUHO3VFH,RET14B7THJU,7352,1,like_new,True,True
RIXIPD02I0,RETCBWFSNJI,17761,1,worn,True,True
RIWEN45KCD,RETCBWFSNJI,17762,1,like_new,True,True
RIAQ8A3QE3,RET91IVK6EZ,13722,1,damaged,False,True
RIWNPH0FEW,RET91IVK6EZ,13720,1,like_new,True,True
RIYD0GVF8O,RETXBPHB4JO,443,1,like_new,True,True
RIPS7SQHEK,RETPK24OVSB,17782,1,like_new,True,True
RI6PCM5PT1,RETPK24OVSB,17783,1,like_new,True,True
RI8193G22R,RETY8FTDVSB,31752,1,like_new,False,True
RI0VUQOEW7,RETY8FTDVSB,31751,1,like_new,True,False
RI2IB92UF8,RETFSFD3TDU,23712,1,like_new,True,False
RITEAY2RF9,RETFSFD3TDU,23714,1,worn,True,True
RIULVQINRT,RETX9DRY16D,20407,1,like_new,True,True
RIN2BVJD0Q,RETQ041YTSV,9036,1,damaged,True,True
RIIHY3V3ZI,RETFK1XTKS4,24523,1,like_new,True,True
RIAAJITV9A,RETFK1XTKS4,24521,1,like_new,True,True
RIDA5XCGAW,RETRDTV0TXM,10740,1,like_new,True,True
RIW7IY95LT,RETMFOLG8RG,10042,1,like_new,False,True
RIP69F1FTQ,RET2VYGIMXF,21685,1,like_new,True,True
RIH1DVASO4,RETDPM0RZ6H,25518,1,like_new,True,True
RIP132RH0A,RETQ1HXSC5I,27119,1,like_new,False,True
RIJO9003X0,RETSM2187DO,25410,1,worn,True,True
RIQGG1MSNH,RETJXP83FEK,9073,1,like_new,True,True
RIA2Y6U20S,RETJXP83FEK,9072,1,like_new,True,True
RIO8U505ZF,RETVFVTFE75,25657,1,like_new,True,True
RI2JD717A9,RET4NBDCK69,9489,1,damaged,True,True
RIQWN7QBT0,RET4NBDCK69,9487,1,like_new,True,False
RIWV33WZWI,RETSDOFL8ZY,17796,1,damaged,True,True
RIP3Q90SU2,RETP2XQNDS3,15070,1,worn,False,True
RIJ5MXRQDN,RETUA71U1SU,2653,1,like_new,True,True
RIW05EHWWF,RETYVZ7GKA0,31615,1,like_new,True,True
RIOJ688FJF,RETYVZ7GKA0,31612,1,like_new,True,True
RIL2DMU32L,RETKG6SDOP0,11475,1,damaged,True,False
RIVG7RB7AV,RET5941B0BX,12210,1,like_new,True,True
RIKEEAZUFH,RET5941B0BX,12209,1,like_new,True,True
RILJRP5369,RETNY2MQ54S,5696,1,damaged,True,False
RIBMZYTSKH,RETNY2MQ54S,5695,1,damaged,True,False
RIFZYCH7D4,RET0B3PZUTU,22227,1,like_new,True,True
RIAS4BHV7W,RET0B3PZUTU,22226,1,worn,True,True
RIA2THQOIS,RETABUBGCLF,13307,1,like_new,True,True
RIJ7ENPOBB,RETCCYPJQ7Z,16275,1,like_new,True,True
RIPD785F64,RET2MU99GH9,16292,1,like_new,True,True
RI9E2ZJBPA,RETNOUHBZ9B,3832,1,damaged,True,False
RIXYLSRB42,RETTOUKZY6R,13442,1,like_new,True,True
RIJZR0Z7XX,RETTOUKZY6R,13443,1,like_new,True,True
RI0OT7MA7G,RET19ZCKFEG,19027,1,like_new,True,False
RI9JLG39EA,RETVUWU8BLF,12531,1,like_new,True,True
RI6VDC07KI,RETWXYNIWOM,7058,1,damaged,True,True
RIPJ4WEMLL,RETL3CHMJ2V,19454,1,damaged,True,True
RIZMW5GPBK,RETIDQBDH7X,14575,1,damaged,True,False
RIQ84B1XAV,RETIDQBDH7X,14574,1,damaged,True,True
RIYOPCLOIC,RETMZYO5AI7,6194,1,like_new,True,True
RI53TLKLZQ,RET34AARPF7,17550,1,like_new,False,True
RIBSUZTIPH,RETCICDOLN5,11553,1,like_new,True,False
RIPH4YYLP8,RET3YOROVDY,17164,1,like_new,True,True
RI5VNP6XVK,RETZUMWZIT3,23809,1,like_new,True,True
RI9TV1HTED,RETNHAUN14V,31140,1,like_new,True,True
RI0EOYOMS8,RET7EZG3C44,28193,1,like_new,True,True
RITKYCI02V,RET7EZG3C44,28194,1,like_new,True,True
RI4D1M23IU,RET7RQI1COW,13213,1,like_new,True,True
RISSMOZIMJ,RET7RQI1COW,13212,1,damaged,True,True
RIN8GBYHAP,RETSBEZPZ6W,1303,1,damaged,True,True
RIS30W715R,RET4KTAI1V3,29035,1,like_new,True,True
RI7L36P4JL,RETB8PW81NR,7693,1,like_new,True,False
RIA2WAU9XY,RETB8PW81NR,7694,1,worn,True,False
RIZKBXDOYZ,RETQACBLN24,27950,1,like_new,True,True
RIT65VW4BZ,RETQACBLN24,27951,1,like_new,True,True
RIV5IOHKRK,RETB5OQ80RN,12597,1,like_new,True,False
RIIP0X1QKD,RETZFR39MEK,30765,1,like_new,True,True
RI1SD46WE4,RET2NQUNM88,17299,1,like_new,True,True
RINIQ4RONA,RET5JTF3XL3,24922,1,like_new,True,True
RI2AB9TDPV,RET3YDMMJ68,22950,1,like_new,True,True
RID0LOEBMM,RETWBQBVZFE,24556,1,like_new,False,True
RIEOL1ORLO,RETB9MOV2AL,22694,1,like_new,True,True
RI5BEDQCR9,RETQLLMU7OP,23945,1,like_new,True,True
RIIJ7JBHH4,RET1GD8ZMWK,2333,2,like_new,True,False
RIH0UBS9CO,RET1GD8ZMWK,2332,1,like_new,True,False
RIVCI2ON5L,RET41V8P5FI,7548,1,like_new,True,False
RIR4AY3X4M,RET41V8P5FI,7549,1,like_new,True,True
RI797GT45J,RETQD9CROBC,5984,1,like_new,True,True
RI3QZ6GOHM,RETQD9CROBC,5985,1,worn,True,True
RI6J6SVH6U,RETU0RGO15D,31085,1,like_new,True,False
RI8JTBPPO6,RETU0RGO15D,31084,1,like_new,True,True
RIV3RJPPTK,RETSUALHFAU,26899,1,worn,True,True
RI8YROR75W,RETIKO6VIKA,4398,1,like_new,True,True
RI7V6XBKA9,RETG0SEQSPL,8098,1,like_new,True,False
RIVU4ZVBDU,RETNIJWUCHE,18610,1,like_new,True,True
RIKGFYWBLO,RET8AOC86L4,30234,1,like_new,True,True
RIM7FFJK4Y,RET8AOC86L4,30231,1,damaged,True,True
RIM5BBI950,RETLLFU8WHK,11857,1,damaged,True,False
RI47NGZGLN,RETY14OY1GX,9145,1,worn,True,True
RITMPJPY3R,RETFB0COD0C,30676,1,worn,True,False
RIOY4UW6IN,RETF8JZASOW,18511,1,like_new,True,False
RI7TZN4YCC,RETDOFZR1LB,18117,1,like_new,True,False
RI8L6JOJUY,RETQP6FHLAT,10215,1,like_new,True,True
RINS2CGIWV,RETQP6FHLAT,10214,1,like_new,True,True
RIEI29EISC,RETKBLTFA75,19863,1,like_new,True,False
RIUC5QA0L3,RET3ON34I9O,6992,1,like_new,True,True
RIFPOMKNRW,RET3ON34I9O,6991,1,like_new,True,False
RI9RPD5PO2,RETY71XOGDJ,18538,1,like_new,True,True
RIOGO8Y55L,RET7OOOP29G,30300,1,worn,False,True
RIMY9AS5BT,RET7OOOP29G,30299,1,damaged,True,True
RIO41AZ1TW,RETS74O6EPE,4666,1,like_new,True,True
RIN17RWCBP,RET0UCCBF07,19733,1,like_new,True,True
RIOUZJDHD6,RET0UCCBF07,19732,1,damaged,True,True
RIVOI4SQUZ,RETP0HWUPNM,24103,1,damaged,True,False
RIAAXPDP4Z,RETP0HWUPNM,24104,1,like_new,True,True
RIGU559YKZ,RET07BWWALI,7981,1,like_new,True,True
RI1JJ2WO6N,RET07BWWALI,7979,2,like_new,True,True
RIL4XSA2HJ,RETUA4CCZ0H,30146,1,damaged,True,True
RIQ4J5Q70P,RET09IC4ATS,26930,1,damaged,True,True
RI2NPF7BOY,RET7YRQJYZ1,27510,1,like_new,True,True
RIX7BRZCR9,RETCRL8ITCF,15092,1,damaged,True,True
RIKWUHW5VS,RETFM4X58DA,6534,1,like_new,False,True
RIM63C2E51,RETHP8ERM10,21446,1,like_new,True,True
RIGZINQG1U,RETPDHRX0JX,15496,1,like_new,True,True
RIK767J43U,RETPDHRX0JX,15497,1,like_new,True,True
RIQV3KOU9L,RET19VV624S,16808,1,worn,True,True
RI8N8K402B,RET19VV624S,16811,1,damaged,True,False
RIY2CSR279,RET144M5TJW,5146,1,like_new,True,True
RI18DZI1P0,RET8OE22IX0,21987,1,worn,True,True
RI86PS8QNX,RETJCCXEAK1,14002,1,like_new,True,True
RIIW5SLJA0,RETJCCXEAK1,14000,1,like_new,True,True
RILEHZAYQ8,RETYPFGST3U,18141,1,like_new,False,True
RIJWEEEXJP,RETMTFCSTI5,14160,1,like_new,True,False
RI9I7GA9HZ,RETIC7KK7NC,121,1,like_new,True,True
RIIKOE8INO,RETPHQ2FS7B,1456,1,like_new,True,True
