session_id,customer_id,anonymous_id,session_start,session_end,duration_minutes,page_views,pages_visited,products_viewed,search_terms,device_type,browser,operating_system,traffic_source,utm_parameters,geo_location,cart_value,abandoned_cart,conversion_event,exit_page
WS-1,2,,2025-09-04 20:55:03.924745,,,,,,,tablet,,,,,,0.00,f,,
WS-2,13,,2025-09-06 20:55:03.924745,,,,,,,tablet,,,,,,0.00,f,,
WS-3,16,,2025-09-22 20:55:03.924745,,,,,,,tablet,,,,,,0.00,f,,
WS-4,34,,2025-09-12 20:55:03.924745,,,,,,,mobile,,,,,,0.00,f,,
WS-5,38,,2025-09-10 20:55:03.924745,,,,,,,tablet,,,,,,0.00,f,,
WS-6,44,,2025-09-14 20:55:03.924745,,,,,,,tablet,,,,,,0.00,f,,
WS-7,51,,2025-08-26 20:55:03.924745,,,,,,,mobile,,,,,,0.00,f,,
WS-8,57,,2025-08-26 20:55:03.924745,,,,,,,mobile,,,,,,0.00,f,,
WS-9,58,,2025-09-07 20:55:03.924745,,,,,,,desktop,,,,,,0.00,f,,
WS-10,64,,2025-09-19 20:55:03.924745,,,,,,,desktop,,,,,,0.00,f,,
WS-11,71,,2025-09-10 20:55:03.924745,,,,,,,mobile,,,,,,0.00,f,,
WS-12,82,,2025-09-22 20:55:03.924745,,,,,,,mobile,,,,,,0.00,f,,
WS-13,86,,2025-09-07 20:55:03.924745,,,,,,,tablet,,,,,,0.00,f,,
WS-14,94,,2025-09-14 20:55:03.924745,,,,,,,tablet,,,,,,0.00,f,,
WS-15,100,,2025-09-07 20:55:03.924745,,,,,,,tablet,,,,,,0.00,f,,
WS-16,102,,2025-09-14 20:55:03.924745,,,,,,,mobile,,,,,,0.00,f,,
WS-17,120,,2025-08-26 20:55:03.924745,,,,,,,mobile,,,,,,0.00,f,,
WS-18,127,,2025-08-26 20:55:03.924745,,,,,,,desktop,,,,,,0.00,f,,
WS-19,130,,2025-09-04 20:55:03.924745,,,,,,,mobile,,,,,,0.00,f,,
WS-20,138,,2025-08-27 20:55:03.924745,,,,,,,tablet,,,,,,0.00,f,,
WS-21,147,,2025-09-07 20:55:03.924745,,,,,,,tablet,,,,,,0.00,f,,
WS-22,154,,2025-09-11 20:55:03.924745,,,,,,,tablet,,,,,,0.00,f,,
WS-23,156,,2025-09-15 20:55:03.924745,,,,,,,desktop,,,,,,0.00,f,,
WS-24,172,,2025-09-18 20:55:03.924745,,,,,,,tablet,,,,,,0.00,f,,
WS-25,177,,2025-08-27 20:55:03.924745,,,,,,,mobile,,,,,,0.00,f,,
WS-26,203,,2025-09-14 20:55:03.924745,,,,,,,mobile,,,,,,0.00,f,,
WS-27,205,,2025-09-10 20:55:03.924745,,,,,,,tablet,,,,,,0.00,f,,
WS-28,209,,2025-08-31 20:55:03.924745,,,,,,,tablet,,,,,,0.00,f,,
WS-29,212,,2025-08-27 20:55:03.924745,,,,,,,mobile,,,,,,0.00,f,,
WS-30,213,,2025-09-04 20:55:03.924745,,,,,,,mobile,,,,,,0.00,f,,
WS-31,217,,2025-09-04 20:55:03.924745,,,,,,,desktop,,,,,,0.00,f,,
WS-32,225,,2025-09-03 20:55:03.924745,,,,,,,mobile,,,,,,0.00,f,,
WS-33,226,,2025-09-03 20:55:03.924745,,,,,,,desktop,,,,,,0.00,f,,
WS-34,251,,2025-09-06 20:55:03.924745,,,,,,,tablet,,,,,,0.00,f,,
WS-35,261,,2025-09-07 20:55:03.924745,,,,,,,desktop,,,,,,0.00,f,,
WS-36,269,,2025-09-14 20:55:03.924745,,,,,,,tablet,,,,,,0.00,f,,
WS-37,272,,2025-09-09 20:55:03.924745,,,,,,,desktop,,,,,,0.00,f,,
WS-38,277,,2025-09-06 20:55:03.924745,,,,,,,tablet,,,,,,0.00,f,,
WS-39,280,,2025-09-17 20:55:03.924745,,,,,,,tablet,,,,,,0.00,f,,
WS-40,283,,2025-08-30 20:55:03.924745,,,,,,,mobile,,,,,,0.00,f,,
WS-41,284,,2025-09-02 20:55:03.924745,,,,,,,tablet,,,,,,0.00,f,,
WS-42,285,,2025-09-08 20:55:03.924745,,,,,,,mobile,,,,,,0.00,f,,
WS-43,288,,2025-08-26 20:55:03.924745,,,,,,,tablet,,,,,,0.00,f,,
WS-44,289,,2025-09-02 20:55:03.924745,,,,,,,mobile,,,,,,0.00,f,,
WS-45,290,,2025-08-29 20:55:03.924745,,,,,,,tablet,,,,,,0.00,f,,
WS-46,298,,2025-09-17 20:55:03.924745,,,,,,,tablet,,,,,,0.00,f,,
WS-47,299,,2025-09-08 20:55:03.924745,,,,,,,mobile,,,,,,0.00,f,,
WS-48,301,,2025-09-16 20:55:03.924745,,,,,,,tablet,,,,,,0.00,f,,
WS-49,303,,2025-09-23 20:55:03.924745,,,,,,,desktop,,,,,,0.00,f,,
WS-50,309,,2025-08-27 20:55:03.924745,,,,,,,desktop,,,,,,0.00,f,,
WS-51,310,,2025-08-30 20:55:03.924745,,,,,,,tablet,,,,,,0.00,f,,
WS-52,311,,2025-09-08 20:55:03.924745,,,,,,,tablet,,,,,,0.00,f,,
WS-53,313,,2025-09-04 20:55:03.924745,,,,,,,mobile,,,,,,0.00,f,,
WS-54,317,,2025-09-04 20:55:03.924745,,,,,,,mobile,,,,,,0.00,f,,
WS-55,318,,2025-09-17 20:55:03.924745,,,,,,,tablet,,,,,,0.00,f,,
WS-56,320,,2025-09-07 20:55:03.924745,,,,,,,desktop,,,,,,0.00,f,,
WS-57,323,,2025-08-26 20:55:03.924745,,,,,,,tablet,,,,,,0.00,f,,
WS-58,329,,2025-08-31 20:55:03.924745,,,,,,,tablet,,,,,,0.00,f,,
WS-59,335,,2025-09-19 20:55:03.924745,,,,,,,tablet,,,,,,0.00,f,,
WS-60,337,,2025-09-12 20:55:03.924745,,,,,,,tablet,,,,,,0.00,f,,
WS-61,355,,2025-08-28 20:55:03.924745,,,,,,,tablet,,,,,,0.00,f,,
WS-62,360,,2025-08-29 20:55:03.924745,,,,,,,tablet,,,,,,0.00,f,,
WS-63,364,,2025-09-22 20:55:03.924745,,,,,,,mobile,,,,,,0.00,f,,
WS-64,365,,2025-09-24 20:55:03.924745,,,,,,,mobile,,,,,,0.00,f,,
WS-65,369,,2025-08-31 20:55:03.924745,,,,,,,mobile,,,,,,0.00,f,,
WS-66,373,,2025-09-15 20:55:03.924745,,,,,,,mobile,,,,,,0.00,f,,
WS-67,379,,2025-09-04 20:55:03.924745,,,,,,,tablet,,,,,,0.00,f,,
WS-68,380,,2025-09-12 20:55:03.924745,,,,,,,mobile,,,,,,0.00,f,,
WS-69,400,,2025-09-20 20:55:03.924745,,,,,,,tablet,,,,,,0.00,f,,
WS-70,401,,2025-08-25 20:55:03.924745,,,,,,,tablet,,,,,,0.00,f,,
WS-71,408,,2025-09-11 20:55:03.924745,,,,,,,desktop,,,,,,0.00,f,,
WS-72,410,,2025-09-08 20:55:03.924745,,,,,,,mobile,,,,,,0.00,f,,
WS-73,422,,2025-09-02 20:55:03.924745,,,,,,,mobile,,,,,,0.00,f,,
WS-74,454,,2025-09-09 20:55:03.924745,,,,,,,tablet,,,,,,0.00,f,,
WS-75,457,,2025-09-23 20:55:03.924745,,,,,,,mobile,,,,,,0.00,f,,
WS-76,459,,2025-09-18 20:55:03.924745,,,,,,,tablet,,,,,,0.00,f,,
WS-77,464,,2025-09-08 20:55:03.924745,,,,,,,mobile,,,,,,0.00,f,,
WS-78,484,,2025-09-06 20:55:03.924745,,,,,,,tablet,,,,,,0.00,f,,
WS-79,489,,2025-09-22 20:55:03.924745,,,,,,,tablet,,,,,,0.00,f,,
WS-80,503,,2025-08-25 20:55:03.924745,,,,,,,mobile,,,,,,0.00,f,,
WS-81,515,,2025-09-13 20:55:03.924745,,,,,,,tablet,,,,,,0.00,f,,
WS-82,527,,2025-09-13 20:55:03.924745,,,,,,,tablet,,,,,,0.00,f,,
WS-83,528,,2025-09-18 20:55:03.924745,,,,,,,desktop,,,,,,0.00,f,,
WS-84,539,,2025-08-28 20:55:03.924745,,,,,,,desktop,,,,,,0.00,f,,
WS-85,547,,2025-09-13 20:55:03.924745,,,,,,,tablet,,,,,,0.00,f,,
WS-86,548,,2025-09-06 20:55:03.924745,,,,,,,tablet,,,,,,0.00,f,,
WS-87,556,,2025-09-04 20:55:03.924745,,,,,,,mobile,,,,,,0.00,f,,
WS-88,568,,2025-09-16 20:55:03.924745,,,,,,,mobile,,,,,,0.00,f,,
WS-89,588,,2025-09-14 20:55:03.924745,,,,,,,tablet,,,,,,0.00,f,,
WS-90,608,,2025-09-03 20:55:03.924745,,,,,,,desktop,,,,,,0.00,f,,
WS-91,612,,2025-09-07 20:55:03.924745,,,,,,,tablet,,,,,,0.00,f,,
WS-92,613,,2025-09-11 20:55:03.924745,,,,,,,tablet,,,,,,0.00,f,,
WS-93,617,,2025-09-05 20:55:03.924745,,,,,,,tablet,,,,,,0.00,f,,
WS-94,618,,2025-09-24 20:55:03.924745,,,,,,,desktop,,,,,,0.00,f,,
WS-95,623,,2025-09-15 20:55:03.924745,,,,,,,mobile,,,,,,0.00,f,,
WS-96,635,,2025-09-04 20:55:03.924745,,,,,,,tablet,,,,,,0.00,f,,
WS-97,646,,2025-08-29 20:55:03.924745,,,,,,,tablet,,,,,,0.00,f,,
WS-98,648,,2025-09-18 20:55:03.924745,,,,,,,desktop,,,,,,0.00,f,,
WS-99,656,,2025-09-08 20:55:03.924745,,,,,,,mobile,,,,,,0.00,f,,
WS-100,662,,2025-09-08 20:55:03.924745,,,,,,,tablet,,,,,,0.00,f,,
WS-101,670,,2025-09-12 20:55:03.924745,,,,,,,mobile,,,,,,0.00,f,,
WS-102,671,,2025-09-02 20:55:03.924745,,,,,,,desktop,,,,,,0.00,f,,
WS-103,673,,2025-09-18 20:55:03.924745,,,,,,,mobile,,,,,,0.00,f,,
WS-104,675,,2025-08-31 20:55:03.924745,,,,,,,tablet,,,,,,0.00,f,,
WS-105,680,,2025-09-14 20:55:03.924745,,,,,,,mobile,,,,,,0.00,f,,
WS-106,688,,2025-09-12 20:55:03.924745,,,,,,,desktop,,,,,,0.00,f,,
WS-107,696,,2025-08-27 20:55:03.924745,,,,,,,mobile,,,,,,0.00,f,,
WS-108,700,,2025-09-14 20:55:03.924745,,,,,,,tablet,,,,,,0.00,f,,
WS-109,704,,2025-09-22 20:55:03.924745,,,,,,,tablet,,,,,,0.00,f,,
WS-110,717,,2025-09-11 20:55:03.924745,,,,,,,desktop,,,,,,0.00,f,,
WS-111,721,,2025-09-23 20:55:03.924745,,,,,,,tablet,,,,,,0.00,f,,
WS-112,723,,2025-09-05 20:55:03.924745,,,,,,,tablet,,,,,,0.00,f,,
WS-113,724,,2025-09-20 20:55:03.924745,,,,,,,mobile,,,,,,0.00,f,,
WS-114,732,,2025-09-15 20:55:03.924745,,,,,,,tablet,,,,,,0.00,f,,
WS-115,745,,2025-09-16 20:55:03.924745,,,,,,,tablet,,,,,,0.00,f,,
WS-116,748,,2025-09-11 20:55:03.924745,,,,,,,desktop,,,,,,0.00,f,,
WS-117,759,,2025-08-29 20:55:03.924745,,,,,,,tablet,,,,,,0.00,f,,
WS-118,767,,2025-08-31 20:55:03.924745,,,,,,,tablet,,,,,,0.00,f,,
WS-119,773,,2025-08-29 20:55:03.924745,,,,,,,mobile,,,,,,0.00,f,,
WS-120,780,,2025-09-13 20:55:03.924745,,,,,,,desktop,,,,,,0.00,f,,
WS-121,790,,2025-08-26 20:55:03.924745,,,,,,,tablet,,,,,,0.00,f,,
WS-122,791,,2025-09-15 20:55:03.924745,,,,,,,tablet,,,,,,0.00,f,,
WS-123,796,,2025-08-27 20:55:03.924745,,,,,,,desktop,,,,,,0.00,f,,
WS-124,798,,2025-09-07 20:55:03.924745,,,,,,,tablet,,,,,,0.00,f,,
WS-125,799,,2025-09-14 20:55:03.924745,,,,,,,desktop,,,,,,0.00,f,,
WS-126,804,,2025-08-30 20:55:03.924745,,,,,,,tablet,,,,,,0.00,f,,
WS-127,808,,2025-09-07 20:55:03.924745,,,,,,,tablet,,,,,,0.00,f,,
WS-128,813,,2025-09-22 20:55:03.924745,,,,,,,desktop,,,,,,0.00,f,,
WS-129,815,,2025-09-05 20:55:03.924745,,,,,,,mobile,,,,,,0.00,f,,
WS-130,817,,2025-09-23 20:55:03.924745,,,,,,,mobile,,,,,,0.00,f,,
WS-131,818,,2025-09-11 20:55:03.924745,,,,,,,tablet,,,,,,0.00,f,,
WS-132,819,,2025-09-04 20:55:03.924745,,,,,,,tablet,,,,,,0.00,f,,
WS-133,823,,2025-08-31 20:55:03.924745,,,,,,,tablet,,,,,,0.00,f,,
WS-134,828,,2025-08-29 20:55:03.924745,,,,,,,tablet,,,,,,0.00,f,,
WS-135,830,,2025-09-10 20:55:03.924745,,,,,,,tablet,,,,,,0.00,f,,
WS-136,835,,2025-09-08 20:55:03.924745,,,,,,,desktop,,,,,,0.00,f,,
WS-137,836,,2025-08-29 20:55:03.924745,,,,,,,desktop,,,,,,0.00,f,,
WS-138,840,,2025-09-16 20:55:03.924745,,,,,,,mobile,,,,,,0.00,f,,
WS-139,844,,2025-09-06 20:55:03.924745,,,,,,,tablet,,,,,,0.00,f,,
WS-140,853,,2025-09-06 20:55:03.924745,,,,,,,mobile,,,,,,0.00,f,,
WS-141,861,,2025-08-31 20:55:03.924745,,,,,,,desktop,,,,,,0.00,f,,
WS-142,863,,2025-09-07 20:55:03.924745,,,,,,,desktop,,,,,,0.00,f,,
WS-143,873,,2025-08-26 20:55:03.924745,,,,,,,tablet,,,,,,0.00,f,,
WS-144,876,,2025-09-21 20:55:03.924745,,,,,,,mobile,,,,,,0.00,f,,
WS-145,882,,2025-09-09 20:55:03.924745,,,,,,,tablet,,,,,,0.00,f,,
WS-146,884,,2025-09-10 20:55:03.924745,,,,,,,tablet,,,,,,0.00,f,,
WS-147,886,,2025-09-23 20:55:03.924745,,,,,,,tablet,,,,,,0.00,f,,
WS-148,895,,2025-09-06 20:55:03.924745,,,,,,,tablet,,,,,,0.00,f,,
WS-149,917,,2025-08-29 20:55:03.924745,,,,,,,tablet,,,,,,0.00,f,,
WS-150,931,,2025-08-26 20:55:03.924745,,,,,,,tablet,,,,,,0.00,f,,
WS-151,936,,2025-09-06 20:55:03.924745,,,,,,,desktop,,,,,,0.00,f,,
WS-152,937,,2025-09-22 20:55:03.924745,,,,,,,tablet,,,,,,0.00,f,,
WS-153,938,,2025-09-07 20:55:03.924745,,,,,,,tablet,,,,,,0.00,f,,
WS-154,942,,2025-09-21 20:55:03.924745,,,,,,,mobile,,,,,,0.00,f,,
WS-155,949,,2025-09-02 20:55:03.924745,,,,,,,mobile,,,,,,0.00,f,,
WS-156,957,,2025-09-02 20:55:03.924745,,,,,,,tablet,,,,,,0.00,f,,
WS-157,961,,2025-09-04 20:55:03.924745,,,,,,,tablet,,,,,,0.00,f,,
WS-158,965,,2025-09-11 20:55:03.924745,,,,,,,desktop,,,,,,0.00,f,,
WS-159,967,,2025-09-08 20:55:03.924745,,,,,,,mobile,,,,,,0.00,f,,
WS-160,974,,2025-08-29 20:55:03.924745,,,,,,,mobile,,,,,,0.00,f,,
WS-161,979,,2025-09-21 20:55:03.924745,,,,,,,tablet,,,,,,0.00,f,,
WS-162,993,,2025-09-16 20:55:03.924745,,,,,,,tablet,,,,,,0.00,f,,
WS-163,1014,,2025-09-08 20:55:03.924745,,,,,,,mobile,,,,,,0.00,f,,
WS-164,1017,,2025-09-02 20:55:03.924745,,,,,,,mobile,,,,,,0.00,f,,
WS-165,1019,,2025-09-03 20:55:03.924745,,,,,,,mobile,,,,,,0.00,f,,
WS-166,1020,,2025-09-10 20:55:03.924745,,,,,,,tablet,,,,,,0.00,f,,
WS-167,1022,,2025-08-31 20:55:03.924745,,,,,,,tablet,,,,,,0.00,f,,
WS-168,1024,,2025-09-16 20:55:03.924745,,,,,,,tablet,,,,,,0.00,f,,
WS-169,1031,,2025-09-06 20:55:03.924745,,,,,,,tablet,,,,,,0.00,f,,
WS-170,1036,,2025-09-10 20:55:03.924745,,,,,,,desktop,,,,,,0.00,f,,
WS-171,1037,,2025-09-09 20:55:03.924745,,,,,,,mobile,,,,,,0.00,f,,
WS-172,1040,,2025-08-28 20:55:03.924745,,,,,,,tablet,,,,,,0.00,f,,
WS-173,1056,,2025-09-06 20:55:03.924745,,,,,,,desktop,,,,,,0.00,f,,
WS-174,1070,,2025-08-26 20:55:03.924745,,,,,,,mobile,,,,,,0.00,f,,
WS-175,1082,,2025-08-31 20:55:03.924745,,,,,,,mobile,,,,,,0.00,f,,
WS-176,1085,,2025-08-27 20:55:03.924745,,,,,,,tablet,,,,,,0.00,f,,
WS-177,1086,,2025-09-03 20:55:03.924745,,,,,,,tablet,,,,,,0.00,f,,
WS-178,1095,,2025-09-15 20:55:03.924745,,,,,,,tablet,,,,,,0.00,f,,
WS-179,1108,,2025-09-10 20:55:03.924745,,,,,,,tablet,,,,,,0.00,f,,
WS-180,1110,,2025-09-17 20:55:03.924745,,,,,,,mobile,,,,,,0.00,f,,
WS-181,1126,,2025-09-24 20:55:03.924745,,,,,,,tablet,,,,,,0.00,f,,
WS-182,1130,,2025-08-31 20:55:03.924745,,,,,,,mobile,,,,,,0.00,f,,
WS-183,1140,,2025-09-22 20:55:03.924745,,,,,,,tablet,,,,,,0.00,f,,
WS-184,1143,,2025-08-25 20:55:03.924745,,,,,,,mobile,,,,,,0.00,f,,
WS-185,1144,,2025-09-21 20:55:03.924745,,,,,,,tablet,,,,,,0.00,f,,
WS-186,1154,,2025-08-27 20:55:03.924745,,,,,,,tablet,,,,,,0.00,f,,
WS-187,1166,,2025-09-18 20:55:03.924745,,,,,,,tablet,,,,,,0.00,f,,
WS-188,1168,,2025-08-26 20:55:03.924745,,,,,,,desktop,,,,,,0.00,f,,
WS-189,1169,,2025-08-27 20:55:03.924745,,,,,,,mobile,,,,,,0.00,f,,
WS-190,1171,,2025-09-23 20:55:03.924745,,,,,,,tablet,,,,,,0.00,f,,
WS-191,1186,,2025-08-31 20:55:03.924745,,,,,,,tablet,,,,,,0.00,f,,
WS-192,1190,,2025-09-13 20:55:03.924745,,,,,,,tablet,,,,,,0.00,f,,
WS-193,1197,,2025-09-11 20:55:03.924745,,,,,,,mobile,,,,,,0.00,f,,
WS-194,1220,,2025-09-05 20:55:03.924745,,,,,,,tablet,,,,,,0.00,f,,
WS-195,1240,,2025-09-04 20:55:03.924745,,,,,,,tablet,,,,,,0.00,f,,
WS-196,1242,,2025-08-29 20:55:03.924745,,,,,,,mobile,,,,,,0.00,f,,
WS-197,1246,,2025-09-19 20:55:03.924745,,,,,,,tablet,,,,,,0.00,f,,
WS-198,1249,,2025-09-03 20:55:03.924745,,,,,,,mobile,,,,,,0.00,f,,
WS-199,1264,,2025-08-31 20:55:03.924745,,,,,,,tablet,,,,,,0.00,f,,
WS-200,1274,,2025-08-25 20:55:03.924745,,,,,,,tablet,,,,,,0.00,f,,
WS-201,1286,,2025-09-14 20:55:03.924745,,,,,,,mobile,,,,,,0.00,f,,
WS-202,1294,,2025-09-14 20:55:03.924745,,,,,,,mobile,,,,,,0.00,f,,
WS-203,1295,,2025-09-06 20:55:03.924745,,,,,,,mobile,,,,,,0.00,f,,
WS-204,1299,,2025-09-16 20:55:03.924745,,,,,,,mobile,,,,,,0.00,f,,
WS-205,1308,,2025-09-08 20:55:03.924745,,,,,,,tablet,,,,,,0.00,f,,
WS-206,1311,,2025-09-15 20:55:03.924745,,,,,,,mobile,,,,,,0.00,f,,
WS-207,1327,,2025-09-10 20:55:03.924745,,,,,,,desktop,,,,,,0.00,f,,
WS-208,1339,,2025-09-03 20:55:03.924745,,,,,,,tablet,,,,,,0.00,f,,
WS-209,1355,,2025-09-09 20:55:03.924745,,,,,,,tablet,,,,,,0.00,f,,
WS-210,1367,,2025-09-13 20:55:03.924745,,,,,,,desktop,,,,,,0.00,f,,
WS-211,1381,,2025-09-17 20:55:03.924745,,,,,,,tablet,,,,,,0.00,f,,
WS-212,1401,,2025-09-22 20:55:03.924745,,,,,,,mobile,,,,,,0.00,f,,
WS-213,1411,,2025-09-01 20:55:03.924745,,,,,,,mobile,,,,,,0.00,f,,
WS-214,1412,,2025-09-20 20:55:03.924745,,,,,,,mobile,,,,,,0.00,f,,
WS-215,1423,,2025-08-27 20:55:03.924745,,,,,,,tablet,,,,,,0.00,f,,
WS-216,1427,,2025-09-23 20:55:03.924745,,,,,,,mobile,,,,,,0.00,f,,
WS-217,1442,,2025-09-09 20:55:03.924745,,,,,,,mobile,,,,,,0.00,f,,
WS-218,1460,,2025-09-20 20:55:03.924745,,,,,,,mobile,,,,,,0.00,f,,
WS-219,1465,,2025-09-09 20:55:03.924745,,,,,,,desktop,,,,,,0.00,f,,
WS-220,1466,,2025-08-29 20:55:03.924745,,,,,,,tablet,,,,,,0.00,f,,
WS-221,1472,,2025-08-25 20:55:03.924745,,,,,,,tablet,,,,,,0.00,f,,
WS-222,1479,,2025-08-31 20:55:03.924745,,,,,,,tablet,,,,,,0.00,f,,
WS-223,1485,,2025-09-11 20:55:03.924745,,,,,,,tablet,,,,,,0.00,f,,
WS-224,1486,,2025-08-29 20:55:03.924745,,,,,,,desktop,,,,,,0.00,f,,
WS-225,1493,,2025-09-22 20:55:03.924745,,,,,,,tablet,,,,,,0.00,f,,
WS-226,1494,,2025-09-06 20:55:03.924745,,,,,,,mobile,,,,,,0.00,f,,
WS-227,1507,,2025-09-01 20:55:03.924745,,,,,,,mobile,,,,,,0.00,f,,
WS-228,1508,,2025-09-04 20:55:03.924745,,,,,,,desktop,,,,,,0.00,f,,
WS-229,1519,,2025-09-23 20:55:03.924745,,,,,,,tablet,,,,,,0.00,f,,
WS-230,1520,,2025-09-08 20:55:03.924745,,,,,,,mobile,,,,,,0.00,f,,
WS-231,1532,,2025-09-10 20:55:03.924745,,,,,,,tablet,,,,,,0.00,f,,
WS-232,1539,,2025-09-13 20:55:03.924745,,,,,,,mobile,,,,,,0.00,f,,
WS-233,1548,,2025-09-11 20:55:03.924745,,,,,,,tablet,,,,,,0.00,f,,
WS-234,1551,,2025-09-21 20:55:03.924745,,,,,,,mobile,,,,,,0.00,f,,
WS-235,1552,,2025-09-11 20:55:03.924745,,,,,,,mobile,,,,,,0.00,f,,
WS-236,1561,,2025-08-29 20:55:03.924745,,,,,,,tablet,,,,,,0.00,f,,
WS-237,1572,,2025-09-04 20:55:03.924745,,,,,,,mobile,,,,,,0.00,f,,
WS-238,1574,,2025-09-02 20:55:03.924745,,,,,,,mobile,,,,,,0.00,f,,
WS-239,1575,,2025-09-24 20:55:03.924745,,,,,,,tablet,,,,,,0.00,f,,
WS-240,1578,,2025-09-19 20:55:03.924745,,,,,,,tablet,,,,,,0.00,f,,
WS-241,1590,,2025-09-08 20:55:03.924745,,,,,,,tablet,,,,,,0.00,f,,
WS-242,1594,,2025-09-10 20:55:03.924745,,,,,,,tablet,,,,,,0.00,f,,
WS-243,1603,,2025-09-10 20:55:03.924745,,,,,,,mobile,,,,,,0.00,f,,
WS-244,1608,,2025-09-20 20:55:03.924745,,,,,,,tablet,,,,,,0.00,f,,
WS-245,1609,,2025-09-17 20:55:03.924745,,,,,,,mobile,,,,,,0.00,f,,
WS-246,1617,,2025-09-18 20:55:03.924745,,,,,,,mobile,,,,,,0.00,f,,
WS-247,1626,,2025-09-11 20:55:03.924745,,,,,,,mobile,,,,,,0.00,f,,
WS-248,1634,,2025-09-21 20:55:03.924745,,,,,,,tablet,,,,,,0.00,f,,
WS-249,1639,,2025-09-22 20:55:03.924745,,,,,,,desktop,,,,,,0.00,f,,
WS-250,1644,,2025-09-09 20:55:03.924745,,,,,,,tablet,,,,,,0.00,f,,
WS-251,1654,,2025-09-06 20:55:03.924745,,,,,,,tablet,,,,,,0.00,f,,
WS-252,1668,,2025-08-28 20:55:03.924745,,,,,,,tablet,,,,,,0.00,f,,
WS-253,1692,,2025-08-31 20:55:03.924745,,,,,,,mobile,,,,,,0.00,f,,
WS-254,1695,,2025-08-26 20:55:03.924745,,,,,,,tablet,,,,,,0.00,f,,
WS-255,1707,,2025-09-07 20:55:03.924745,,,,,,,tablet,,,,,,0.00,f,,
WS-256,1715,,2025-09-18 20:55:03.924745,,,,,,,mobile,,,,,,0.00,f,,
WS-257,1726,,2025-08-30 20:55:03.924745,,,,,,,tablet,,,,,,0.00,f,,
WS-258,1730,,2025-08-29 20:55:03.924745,,,,,,,desktop,,,,,,0.00,f,,
WS-259,1735,,2025-09-22 20:55:03.924745,,,,,,,tablet,,,,,,0.00,f,,
WS-260,1743,,2025-08-31 20:55:03.924745,,,,,,,desktop,,,,,,0.00,f,,
WS-261,1745,,2025-09-19 20:55:03.924745,,,,,,,tablet,,,,,,0.00,f,,
WS-262,1753,,2025-09-04 20:55:03.924745,,,,,,,tablet,,,,,,0.00,f,,
WS-263,1756,,2025-09-23 20:55:03.924745,,,,,,,mobile,,,,,,0.00,f,,
WS-264,1763,,2025-09-02 20:55:03.924745,,,,,,,tablet,,,,,,0.00,f,,
WS-265,1769,,2025-09-14 20:55:03.924745,,,,,,,mobile,,,,,,0.00,f,,
WS-266,1772,,2025-09-08 20:55:03.924745,,,,,,,tablet,,,,,,0.00,f,,
WS-267,1773,,2025-09-22 20:55:03.924745,,,,,,,tablet,,,,,,0.00,f,,
WS-268,1791,,2025-09-15 20:55:03.924745,,,,,,,tablet,,,,,,0.00,f,,
WS-269,1793,,2025-08-29 20:55:03.924745,,,,,,,mobile,,,,,,0.00,f,,
WS-270,1802,,2025-09-15 20:55:03.924745,,,,,,,tablet,,,,,,0.00,f,,
WS-271,1824,,2025-08-27 20:55:03.924745,,,,,,,mobile,,,,,,0.00,f,,
WS-272,1825,,2025-08-30 20:55:03.924745,,,,,,,tablet,,,,,,0.00,f,,
WS-273,1827,,2025-09-11 20:55:03.924745,,,,,,,tablet,,,,,,0.00,f,,
WS-274,1829,,2025-09-01 20:55:03.924745,,,,,,,tablet,,,,,,0.00,f,,
WS-275,1831,,2025-09-08 20:55:03.924745,,,,,,,mobile,,,,,,0.00,f,,
WS-276,1832,,2025-09-02 20:55:03.924745,,,,,,,desktop,,,,,,0.00,f,,
WS-277,1855,,2025-09-14 20:55:03.924745,,,,,,,desktop,,,,,,0.00,f,,
WS-278,1859,,2025-08-29 20:55:03.924745,,,,,,,tablet,,,,,,0.00,f,,
WS-279,1861,,2025-09-11 20:55:03.924745,,,,,,,mobile,,,,,,0.00,f,,
WS-280,1869,,2025-09-06 20:55:03.924745,,,,,,,tablet,,,,,,0.00,f,,
WS-281,1874,,2025-09-13 20:55:03.924745,,,,,,,mobile,,,,,,0.00,f,,
WS-282,1892,,2025-09-15 20:55:03.924745,,,,,,,mobile,,,,,,0.00,f,,
WS-283,1896,,2025-09-06 20:55:03.924745,,,,,,,mobile,,,,,,0.00,f,,
WS-284,1904,,2025-09-16 20:55:03.924745,,,,,,,desktop,,,,,,0.00,f,,
WS-285,1907,,2025-09-01 20:55:03.924745,,,,,,,tablet,,,,,,0.00,f,,
WS-286,1910,,2025-09-14 20:55:03.924745,,,,,,,tablet,,,,,,0.00,f,,
WS-287,1931,,2025-09-01 20:55:03.924745,,,,,,,tablet,,,,,,0.00,f,,
WS-288,1941,,2025-09-21 20:55:03.924745,,,,,,,tablet,,,,,,0.00,f,,
WS-289,1942,,2025-09-04 20:55:03.924745,,,,,,,tablet,,,,,,0.00,f,,
WS-290,1951,,2025-09-09 20:55:03.924745,,,,,,,tablet,,,,,,0.00,f,,
WS-291,1955,,2025-09-08 20:55:03.924745,,,,,,,tablet,,,,,,0.00,f,,
WS-292,1958,,2025-08-31 20:55:03.924745,,,,,,,mobile,,,,,,0.00,f,,
WS-293,1964,,2025-08-29 20:55:03.924745,,,,,,,desktop,,,,,,0.00,f,,
WS-294,1968,,2025-09-12 20:55:03.924745,,,,,,,desktop,,,,,,0.00,f,,
WS-295,1985,,2025-09-05 20:55:03.924745,,,,,,,desktop,,,,,,0.00,f,,
WS-296,1992,,2025-09-22 20:55:03.924745,,,,,,,tablet,,,,,,0.00,f,,
WS-297,1995,,2025-09-09 20:55:03.924745,,,,,,,tablet,,,,,,0.00,f,,
WS-298,1996,,2025-09-03 20:55:03.924745,,,,,,,tablet,,,,,,0.00,f,,
WS-299,1997,,2025-08-29 20:55:03.924745,,,,,,,mobile,,,,,,0.00,f,,
WS-300,2003,,2025-09-03 20:55:03.924745,,,,,,,mobile,,,,,,0.00,f,,
WS-301,2010,,2025-09-04 20:55:03.924745,,,,,,,tablet,,,,,,0.00,f,,
WS-302,2014,,2025-09-08 20:55:03.924745,,,,,,,desktop,,,,,,0.00,f,,
WS-303,2016,,2025-09-12 20:55:03.924745,,,,,,,mobile,,,,,,0.00,f,,
WS-304,2036,,2025-08-29 20:55:03.924745,,,,,,,tablet,,,,,,0.00,f,,
WS-305,2051,,2025-08-28 20:55:03.924745,,,,,,,tablet,,,,,,0.00,f,,
WS-306,2057,,2025-09-20 20:55:03.924745,,,,,,,mobile,,,,,,0.00,f,,
WS-307,2059,,2025-09-16 20:55:03.924745,,,,,,,tablet,,,,,,0.00,f,,
WS-308,2064,,2025-09-23 20:55:03.924745,,,,,,,mobile,,,,,,0.00,f,,
WS-309,2065,,2025-09-03 20:55:03.924745,,,,,,,mobile,,,,,,0.00,f,,
WS-310,2074,,2025-08-27 20:55:03.924745,,,,,,,mobile,,,,,,0.00,f,,
WS-311,2081,,2025-08-31 20:55:03.924745,,,,,,,mobile,,,,,,0.00,f,,
WS-312,2089,,2025-09-18 20:55:03.924745,,,,,,,mobile,,,,,,0.00,f,,
WS-313,2098,,2025-08-28 20:55:03.924745,,,,,,,tablet,,,,,,0.00,f,,
WS-314,2106,,2025-09-21 20:55:03.924745,,,,,,,tablet,,,,,,0.00,f,,
WS-315,2107,,2025-09-18 20:55:03.924745,,,,,,,desktop,,,,,,0.00,f,,
WS-316,2114,,2025-08-27 20:55:03.924745,,,,,,,mobile,,,,,,0.00,f,,
WS-317,2115,,2025-09-03 20:55:03.924745,,,,,,,tablet,,,,,,0.00,f,,
WS-318,2127,,2025-09-17 20:55:03.924745,,,,,,,mobile,,,,,,0.00,f,,
WS-319,2143,,2025-09-22 20:55:03.924745,,,,,,,tablet,,,,,,0.00,f,,
WS-320,2164,,2025-09-10 20:55:03.924745,,,,,,,tablet,,,,,,0.00,f,,
WS-321,2169,,2025-09-19 20:55:03.924745,,,,,,,mobile,,,,,,0.00,f,,
WS-322,2170,,2025-08-31 20:55:03.924745,,,,,,,desktop,,,,,,0.00,f,,
WS-323,2179,,2025-09-12 20:55:03.924745,,,,,,,tablet,,,,,,0.00,f,,
WS-324,2185,,2025-09-17 20:55:03.924745,,,,,,,tablet,,,,,,0.00,f,,
WS-325,2186,,2025-09-22 20:55:03.924745,,,,,,,mobile,,,,,,0.00,f,,
WS-326,2187,,2025-09-03 20:55:03.924745,,,,,,,tablet,,,,,,0.00,f,,
WS-327,2196,,2025-08-27 20:55:03.924745,,,,,,,desktop,,,,,,0.00,f,,
WS-328,2200,,2025-09-09 20:55:03.924745,,,,,,,mobile,,,,,,0.00,f,,
WS-329,2214,,2025-09-05 20:55:03.924745,,,,,,,tablet,,,,,,0.00,f,,
WS-330,2217,,2025-09-07 20:55:03.924745,,,,,,,mobile,,,,,,0.00,f,,
WS-331,2220,,2025-09-03 20:55:03.924745,,,,,,,tablet,,,,,,0.00,f,,
WS-332,2230,,2025-09-15 20:55:03.924745,,,,,,,tablet,,,,,,0.00,f,,
WS-333,2249,,2025-08-31 20:55:03.924745,,,,,,,tablet,,,,,,0.00,f,,
WS-334,2252,,2025-09-07 20:55:03.924745,,,,,,,tablet,,,,,,0.00,f,,
WS-335,2254,,2025-09-04 20:55:03.924745,,,,,,,tablet,,,,,,0.00,f,,
WS-336,2271,,2025-09-20 20:55:03.924745,,,,,,,mobile,,,,,,0.00,f,,
WS-337,2282,,2025-09-19 20:55:03.924745,,,,,,,tablet,,,,,,0.00,f,,
WS-338,2293,,2025-08-28 20:55:03.924745,,,,,,,tablet,,,,,,0.00,f,,
WS-339,2308,,2025-09-18 20:55:03.924745,,,,,,,tablet,,,,,,0.00,f,,
WS-340,2315,,2025-08-30 20:55:03.924745,,,,,,,mobile,,,,,,0.00,f,,
WS-341,2317,,2025-08-28 20:55:03.924745,,,,,,,mobile,,,,,,0.00,f,,
WS-342,2318,,2025-09-23 20:55:03.924745,,,,,,,tablet,,,,,,0.00,f,,
WS-343,2321,,2025-09-05 20:55:03.924745,,,,,,,desktop,,,,,,0.00,f,,
WS-344,2327,,2025-09-05 20:55:03.924745,,,,,,,desktop,,,,,,0.00,f,,
WS-345,2330,,2025-09-13 20:55:03.924745,,,,,,,mobile,,,,,,0.00,f,,
WS-346,2331,,2025-08-26 20:55:03.924745,,,,,,,tablet,,,,,,0.00,f,,
WS-347,2332,,2025-08-31 20:55:03.924745,,,,,,,tablet,,,,,,0.00,f,,
WS-348,2343,,2025-09-03 20:55:03.924745,,,,,,,mobile,,,,,,0.00,f,,
WS-349,2348,,2025-09-08 20:55:03.924745,,,,,,,tablet,,,,,,0.00,f,,
WS-350,2352,,2025-09-20 20:55:03.924745,,,,,,,mobile,,,,,,0.00,f,,
WS-351,2353,,2025-08-29 20:55:03.924745,,,,,,,desktop,,,,,,0.00,f,,
WS-352,2358,,2025-09-10 20:55:03.924745,,,,,,,mobile,,,,,,0.00,f,,
WS-353,2386,,2025-08-28 20:55:03.924745,,,,,,,mobile,,,,,,0.00,f,,
WS-354,2392,,2025-09-03 20:55:03.924745,,,,,,,tablet,,,,,,0.00,f,,
WS-355,2412,,2025-09-01 20:55:03.924745,,,,,,,tablet,,,,,,0.00,f,,
WS-356,2414,,2025-08-30 20:55:03.924745,,,,,,,mobile,,,,,,0.00,f,,
WS-357,2427,,2025-08-27 20:55:03.924745,,,,,,,mobile,,,,,,0.00,f,,
WS-358,2446,,2025-09-10 20:55:03.924745,,,,,,,tablet,,,,,,0.00,f,,
WS-359,2456,,2025-09-23 20:55:03.924745,,,,,,,tablet,,,,,,0.00,f,,
WS-360,2465,,2025-09-04 20:55:03.924745,,,,,,,mobile,,,,,,0.00,f,,
WS-361,2471,,2025-09-13 20:55:03.924745,,,,,,,mobile,,,,,,0.00,f,,
WS-362,2477,,2025-09-08 20:55:03.924745,,,,,,,mobile,,,,,,0.00,f,,
WS-363,2481,,2025-09-23 20:55:03.924745,,,,,,,tablet,,,,,,0.00,f,,
WS-364,2486,,2025-08-28 20:55:03.924745,,,,,,,tablet,,,,,,0.00,f,,
WS-365,2492,,2025-09-07 20:55:03.924745,,,,,,,desktop,,,,,,0.00,f,,
WS-366,2493,,2025-08-28 20:55:03.924745,,,,,,,tablet,,,,,,0.00,f,,
WS-367,2494,,2025-09-10 20:55:03.924745,,,,,,,tablet,,,,,,0.00,f,,
WS-368,2502,,2025-09-18 20:55:03.924745,,,,,,,tablet,,,,,,0.00,f,,
WS-369,2503,,2025-09-03 20:55:03.924745,,,,,,,tablet,,,,,,0.00,f,,
WS-370,2508,,2025-08-30 20:55:03.924745,,,,,,,mobile,,,,,,0.00,f,,
WS-371,2510,,2025-09-12 20:55:03.924745,,,,,,,tablet,,,,,,0.00,f,,
WS-372,2525,,2025-09-16 20:55:03.924745,,,,,,,tablet,,,,,,0.00,f,,
WS-373,2527,,2025-09-23 20:55:03.924745,,,,,,,tablet,,,,,,0.00,f,,
WS-374,2528,,2025-09-04 20:55:03.924745,,,,,,,mobile,,,,,,0.00,f,,
WS-375,2532,,2025-09-04 20:55:03.924745,,,,,,,tablet,,,,,,0.00,f,,
WS-376,2536,,2025-09-21 20:55:03.924745,,,,,,,tablet,,,,,,0.00,f,,
WS-377,2537,,2025-09-24 20:55:03.924745,,,,,,,tablet,,,,,,0.00,f,,
WS-378,2546,,2025-09-16 20:55:03.924745,,,,,,,desktop,,,,,,0.00,f,,
WS-379,2556,,2025-09-09 20:55:03.924745,,,,,,,mobile,,,,,,0.00,f,,
WS-380,2572,,2025-09-13 20:55:03.924745,,,,,,,desktop,,,,,,0.00,f,,
WS-381,2590,,2025-09-17 20:55:03.924745,,,,,,,mobile,,,,,,0.00,f,,
WS-382,2591,,2025-09-18 20:55:03.924745,,,,,,,tablet,,,,,,0.00,f,,
WS-383,2596,,2025-09-13 20:55:03.924745,,,,,,,tablet,,,,,,0.00,f,,
WS-384,2600,,2025-09-11 20:55:03.924745,,,,,,,mobile,,,,,,0.00,f,,
WS-385,2606,,2025-09-03 20:55:03.924745,,,,,,,mobile,,,,,,0.00,f,,
WS-386,2607,,2025-09-20 20:55:03.924745,,,,,,,desktop,,,,,,0.00,f,,
WS-387,2608,,2025-09-04 20:55:03.924745,,,,,,,tablet,,,,,,0.00,f,,
WS-388,2609,,2025-09-11 20:55:03.924745,,,,,,,desktop,,,,,,0.00,f,,
WS-389,2612,,2025-09-10 20:55:03.924745,,,,,,,mobile,,,,,,0.00,f,,
WS-390,2614,,2025-09-22 20:55:03.924745,,,,,,,tablet,,,,,,0.00,f,,
WS-391,2621,,2025-09-03 20:55:03.924745,,,,,,,tablet,,,,,,0.00,f,,
WS-392,2645,,2025-08-30 20:55:03.924745,,,,,,,tablet,,,,,,0.00,f,,
WS-393,2656,,2025-09-14 20:55:03.924745,,,,,,,tablet,,,,,,0.00,f,,
WS-394,2660,,2025-09-13 20:55:03.924745,,,,,,,mobile,,,,,,0.00,f,,
WS-395,2664,,2025-09-12 20:55:03.924745,,,,,,,mobile,,,,,,0.00,f,,
WS-396,2668,,2025-09-24 20:55:03.924745,,,,,,,tablet,,,,,,0.00,f,,
WS-397,2671,,2025-08-25 20:55:03.924745,,,,,,,tablet,,,,,,0.00,f,,
WS-398,2674,,2025-09-24 20:55:03.924745,,,,,,,mobile,,,,,,0.00,f,,
WS-399,2675,,2025-08-28 20:55:03.924745,,,,,,,desktop,,,,,,0.00,f,,
WS-400,2679,,2025-09-09 20:55:03.924745,,,,,,,mobile,,,,,,0.00,f,,
WS-401,2697,,2025-09-23 20:55:03.924745,,,,,,,tablet,,,,,,0.00,f,,
WS-402,2707,,2025-09-18 20:55:03.924745,,,,,,,tablet,,,,,,0.00,f,,
WS-403,2711,,2025-09-11 20:55:03.924745,,,,,,,desktop,,,,,,0.00,f,,
WS-404,2716,,2025-09-13 20:55:03.924745,,,,,,,desktop,,,,,,0.00,f,,
WS-405,2717,,2025-09-08 20:55:03.924745,,,,,,,tablet,,,,,,0.00,f,,
WS-406,2719,,2025-08-28 20:55:03.924745,,,,,,,tablet,,,,,,0.00,f,,
WS-407,2723,,2025-09-03 20:55:03.924745,,,,,,,desktop,,,,,,0.00,f,,
WS-408,2735,,2025-08-30 20:55:03.924745,,,,,,,tablet,,,,,,0.00,f,,
WS-409,2743,,2025-09-16 20:55:03.924745,,,,,,,tablet,,,,,,0.00,f,,
WS-410,2746,,2025-09-18 20:55:03.924745,,,,,,,tablet,,,,,,0.00,f,,
WS-411,2755,,2025-09-14 20:55:03.924745,,,,,,,tablet,,,,,,0.00,f,,
WS-412,2766,,2025-08-25 20:55:03.924745,,,,,,,mobile,,,,,,0.00,f,,
WS-413,2777,,2025-08-27 20:55:03.924745,,,,,,,mobile,,,,,,0.00,f,,
WS-414,2793,,2025-09-01 20:55:03.924745,,,,,,,tablet,,,,,,0.00,f,,
WS-415,2804,,2025-08-25 20:55:03.924745,,,,,,,tablet,,,,,,0.00,f,,
WS-416,2813,,2025-09-22 20:55:03.924745,,,,,,,desktop,,,,,,0.00,f,,
WS-417,2833,,2025-09-05 20:55:03.924745,,,,,,,tablet,,,,,,0.00,f,,
WS-418,2834,,2025-09-02 20:55:03.924745,,,,,,,desktop,,,,,,0.00,f,,
WS-419,2843,,2025-09-02 20:55:03.924745,,,,,,,tablet,,,,,,0.00,f,,
WS-420,2864,,2025-09-17 20:55:03.924745,,,,,,,tablet,,,,,,0.00,f,,
WS-421,2871,,2025-09-20 20:55:03.924745,,,,,,,mobile,,,,,,0.00,f,,
WS-422,2899,,2025-08-30 20:55:03.924745,,,,,,,mobile,,,,,,0.00,f,,
WS-423,2901,,2025-08-26 20:55:03.924745,,,,,,,tablet,,,,,,0.00,f,,
WS-424,2905,,2025-09-13 20:55:03.924745,,,,,,,desktop,,,,,,0.00,f,,
WS-425,2913,,2025-09-14 20:55:03.924745,,,,,,,tablet,,,,,,0.00,f,,
WS-426,2920,,2025-09-07 20:55:03.924745,,,,,,,mobile,,,,,,0.00,f,,
WS-427,2934,,2025-09-06 20:55:03.924745,,,,,,,mobile,,,,,,0.00,f,,
WS-428,2942,,2025-08-26 20:55:03.924745,,,,,,,tablet,,,,,,0.00,f,,
WS-429,2958,,2025-09-05 20:55:03.924745,,,,,,,tablet,,,,,,0.00,f,,
WS-430,2967,,2025-09-14 20:55:03.924745,,,,,,,mobile,,,,,,0.00,f,,
WS-431,2968,,2025-09-11 20:55:03.924745,,,,,,,tablet,,,,,,0.00,f,,
WS-432,2978,,2025-08-26 20:55:03.924745,,,,,,,tablet,,,,,,0.00,f,,
WS-433,2982,,2025-08-25 20:55:03.924745,,,,,,,tablet,,,,,,0.00,f,,
WS-434,2988,,2025-09-06 20:55:03.924745,,,,,,,tablet,,,,,,0.00,f,,
WS-435,2993,,2025-09-06 20:55:03.924745,,,,,,,mobile,,,,,,0.00,f,,
WS-436,2995,,2025-09-06 20:55:03.924745,,,,,,,tablet,,,,,,0.00,f,,
WS-437,3002,,2025-09-19 20:55:03.924745,,,,,,,tablet,,,,,,0.00,f,,
WS-438,3009,,2025-08-27 20:55:03.924745,,,,,,,tablet,,,,,,0.00,f,,
WS-439,3013,,2025-09-08 20:55:03.924745,,,,,,,tablet,,,,,,0.00,f,,
WS-440,3016,,2025-09-21 20:55:03.924745,,,,,,,tablet,,,,,,0.00,f,,
WS-441,3017,,2025-09-18 20:55:03.924745,,,,,,,desktop,,,,,,0.00,f,,
WS-442,3022,,2025-09-06 20:55:03.924745,,,,,,,tablet,,,,,,0.00,f,,
WS-443,3040,,2025-09-23 20:55:03.924745,,,,,,,tablet,,,,,,0.00,f,,
WS-444,3054,,2025-08-28 20:55:03.924745,,,,,,,tablet,,,,,,0.00,f,,
WS-445,3055,,2025-09-04 20:55:03.924745,,,,,,,tablet,,,,,,0.00,f,,
WS-446,3060,,2025-09-11 20:55:03.924745,,,,,,,tablet,,,,,,0.00,f,,
WS-447,3062,,2025-09-11 20:55:03.924745,,,,,,,mobile,,,,,,0.00,f,,
WS-448,3071,,2025-09-10 20:55:03.924745,,,,,,,mobile,,,,,,0.00,f,,
WS-449,3073,,2025-09-03 20:55:03.924745,,,,,,,tablet,,,,,,0.00,f,,
WS-450,3092,,2025-09-17 20:55:03.924745,,,,,,,tablet,,,,,,0.00,f,,
WS-451,3095,,2025-08-28 20:55:03.924745,,,,,,,mobile,,,,,,0.00,f,,
WS-452,3096,,2025-09-12 20:55:03.924745,,,,,,,desktop,,,,,,0.00,f,,
WS-453,3100,,2025-09-03 20:55:03.924745,,,,,,,tablet,,,,,,0.00,f,,
WS-454,3104,,2025-09-23 20:55:03.924745,,,,,,,mobile,,,,,,0.00,f,,
WS-455,3110,,2025-09-06 20:55:03.924745,,,,,,,desktop,,,,,,0.00,f,,
WS-456,3114,,2025-09-11 20:55:03.924745,,,,,,,tablet,,,,,,0.00,f,,
WS-457,3117,,2025-09-14 20:55:03.924745,,,,,,,tablet,,,,,,0.00,f,,
WS-458,3120,,2025-09-01 20:55:03.924745,,,,,,,tablet,,,,,,0.00,f,,
WS-459,3124,,2025-08-30 20:55:03.924745,,,,,,,mobile,,,,,,0.00,f,,
WS-460,3127,,2025-09-03 20:55:03.924745,,,,,,,mobile,,,,,,0.00,f,,
WS-461,3135,,2025-08-25 20:55:03.924745,,,,,,,tablet,,,,,,0.00,f,,
WS-462,3137,,2025-08-27 20:55:03.924745,,,,,,,mobile,,,,,,0.00,f,,
WS-463,3138,,2025-09-08 20:55:03.924745,,,,,,,tablet,,,,,,0.00,f,,
WS-464,3153,,2025-09-14 20:55:03.924745,,,,,,,tablet,,,,,,0.00,f,,
WS-465,3158,,2025-08-31 20:55:03.924745,,,,,,,tablet,,,,,,0.00,f,,
WS-466,3182,,2025-09-05 20:55:03.924745,,,,,,,mobile,,,,,,0.00,f,,
WS-467,3184,,2025-09-21 20:55:03.924745,,,,,,,desktop,,,,,,0.00,f,,
WS-468,3185,,2025-09-13 20:55:03.924745,,,,,,,tablet,,,,,,0.00,f,,
WS-469,3186,,2025-09-04 20:55:03.924745,,,,,,,mobile,,,,,,0.00,f,,
WS-470,3190,,2025-09-08 20:55:03.924745,,,,,,,mobile,,,,,,0.00,f,,
WS-471,3194,,2025-08-27 20:55:03.924745,,,,,,,tablet,,,,,,0.00,f,,
WS-472,3205,,2025-08-26 20:55:03.924745,,,,,,,tablet,,,,,,0.00,f,,
WS-473,3225,,2025-09-01 20:55:03.924745,,,,,,,tablet,,,,,,0.00,f,,
WS-474,3235,,2025-09-07 20:55:03.924745,,,,,,,mobile,,,,,,0.00,f,,
WS-475,3250,,2025-09-14 20:55:03.924745,,,,,,,tablet,,,,,,0.00,f,,
WS-476,3251,,2025-09-13 20:55:03.924745,,,,,,,tablet,,,,,,0.00,f,,
WS-477,3261,,2025-09-18 20:55:03.924745,,,,,,,mobile,,,,,,0.00,f,,
WS-478,3262,,2025-09-23 20:55:03.924745,,,,,,,tablet,,,,,,0.00,f,,
WS-479,3267,,2025-08-29 20:55:03.924745,,,,,,,mobile,,,,,,0.00,f,,
WS-480,3269,,2025-08-27 20:55:03.924745,,,,,,,mobile,,,,,,0.00,f,,
WS-481,3270,,2025-09-07 20:55:03.924745,,,,,,,tablet,,,,,,0.00,f,,
WS-482,3271,,2025-09-08 20:55:03.924745,,,,,,,mobile,,,,,,0.00,f,,
WS-483,3273,,2025-09-12 20:55:03.924745,,,,,,,desktop,,,,,,0.00,f,,
WS-484,3275,,2025-09-05 20:55:03.924745,,,,,,,tablet,,,,,,0.00,f,,
WS-485,3282,,2025-09-10 20:55:03.924745,,,,,,,mobile,,,,,,0.00,f,,
WS-486,3283,,2025-09-13 20:55:03.924745,,,,,,,mobile,,,,,,0.00,f,,
WS-487,3288,,2025-08-30 20:55:03.924745,,,,,,,mobile,,,,,,0.00,f,,
WS-488,3289,,2025-09-08 20:55:03.924745,,,,,,,tablet,,,,,,0.00,f,,
WS-489,3302,,2025-09-06 20:55:03.924745,,,,,,,desktop,,,,,,0.00,f,,
WS-490,3308,,2025-09-19 20:55:03.924745,,,,,,,tablet,,,,,,0.00,f,,
WS-491,3309,,2025-09-12 20:55:03.924745,,,,,,,tablet,,,,,,0.00,f,,
WS-492,3310,,2025-09-06 20:55:03.924745,,,,,,,desktop,,,,,,0.00,f,,
WS-493,3311,,2025-08-28 20:55:03.924745,,,,,,,mobile,,,,,,0.00,f,,
WS-494,3345,,2025-09-07 20:55:03.924745,,,,,,,desktop,,,,,,0.00,f,,
WS-495,3347,,2025-09-19 20:55:03.924745,,,,,,,mobile,,,,,,0.00,f,,
WS-496,3348,,2025-09-01 20:55:03.924745,,,,,,,mobile,,,,,,0.00,f,,
WS-497,3352,,2025-09-03 20:55:03.924745,,,,,,,tablet,,,,,,0.00,f,,
WS-498,3360,,2025-09-23 20:55:03.924745,,,,,,,desktop,,,,,,0.00,f,,
WS-499,3366,,2025-09-21 20:55:03.924745,,,,,,,mobile,,,,,,0.00,f,,
WS-500,3369,,2025-09-02 20:55:03.924745,,,,,,,desktop,,,,,,0.00,f,,
WS-501,3374,,2025-09-02 20:55:03.924745,,,,,,,tablet,,,,,,0.00,f,,
WS-502,3376,,2025-08-30 20:55:03.924745,,,,,,,desktop,,,,,,0.00,f,,
WS-503,3386,,2025-09-21 20:55:03.924745,,,,,,,mobile,,,,,,0.00,f,,
WS-504,3392,,2025-08-30 20:55:03.924745,,,,,,,desktop,,,,,,0.00,f,,
WS-505,3407,,2025-08-28 20:55:03.924745,,,,,,,desktop,,,,,,0.00,f,,
WS-506,3414,,2025-09-13 20:55:03.924745,,,,,,,desktop,,,,,,0.00,f,,
WS-507,3417,,2025-08-26 20:55:03.924745,,,,,,,mobile,,,,,,0.00,f,,
WS-508,3426,,2025-09-10 20:55:03.924745,,,,,,,tablet,,,,,,0.00,f,,
WS-509,3427,,2025-09-22 20:55:03.924745,,,,,,,tablet,,,,,,0.00,f,,
WS-510,3431,,2025-09-07 20:55:03.924745,,,,,,,tablet,,,,,,0.00,f,,
WS-511,3439,,2025-09-21 20:55:03.924745,,,,,,,mobile,,,,,,0.00,f,,
WS-512,3448,,2025-09-18 20:55:03.924745,,,,,,,tablet,,,,,,0.00,f,,
WS-513,3452,,2025-09-14 20:55:03.924745,,,,,,,tablet,,,,,,0.00,f,,
WS-514,3469,,2025-09-05 20:55:03.924745,,,,,,,desktop,,,,,,0.00,f,,
WS-515,3480,,2025-09-01 20:55:03.924745,,,,,,,tablet,,,,,,0.00,f,,
WS-516,3481,,2025-08-27 20:55:03.924745,,,,,,,tablet,,,,,,0.00,f,,
WS-517,3483,,2025-09-16 20:55:03.924745,,,,,,,tablet,,,,,,0.00,f,,
WS-518,3488,,2025-09-09 20:55:03.924745,,,,,,,tablet,,,,,,0.00,f,,
WS-519,3496,,2025-09-02 20:55:03.924745,,,,,,,tablet,,,,,,0.00,f,,
WS-520,3503,,2025-09-03 20:55:03.924745,,,,,,,tablet,,,,,,0.00,f,,
WS-521,3508,,2025-09-03 20:55:03.924745,,,,,,,tablet,,,,,,0.00,f,,
WS-522,3512,,2025-09-24 20:55:03.924745,,,,,,,mobile,,,,,,0.00,f,,
WS-523,3513,,2025-09-23 20:55:03.924745,,,,,,,tablet,,,,,,0.00,f,,
WS-524,3517,,2025-08-27 20:55:03.924745,,,,,,,mobile,,,,,,0.00,f,,
WS-525,3520,,2025-09-01 20:55:03.924745,,,,,,,tablet,,,,,,0.00,f,,
WS-526,3529,,2025-09-11 20:55:03.924745,,,,,,,tablet,,,,,,0.00,f,,
WS-527,3540,,2025-09-21 20:55:03.924745,,,,,,,mobile,,,,,,0.00,f,,
WS-528,3552,,2025-09-03 20:55:03.924745,,,,,,,tablet,,,,,,0.00,f,,
WS-529,3553,,2025-08-27 20:55:03.924745,,,,,,,desktop,,,,,,0.00,f,,
WS-530,3556,,2025-09-17 20:55:03.924745,,,,,,,desktop,,,,,,0.00,f,,
WS-531,3565,,2025-09-07 20:55:03.924745,,,,,,,tablet,,,,,,0.00,f,,
WS-532,3570,,2025-09-09 20:55:03.924745,,,,,,,desktop,,,,,,0.00,f,,
WS-533,3572,,2025-09-03 20:55:03.924745,,,,,,,mobile,,,,,,0.00,f,,
WS-534,3577,,2025-08-29 20:55:03.924745,,,,,,,tablet,,,,,,0.00,f,,
WS-535,3580,,2025-08-27 20:55:03.924745,,,,,,,tablet,,,,,,0.00,f,,
WS-536,3587,,2025-09-21 20:55:03.924745,,,,,,,mobile,,,,,,0.00,f,,
WS-537,3599,,2025-09-09 20:55:03.924745,,,,,,,mobile,,,,,,0.00,f,,
WS-538,3605,,2025-09-04 20:55:03.924745,,,,,,,tablet,,,,,,0.00,f,,
WS-539,3607,,2025-09-04 20:55:03.924745,,,,,,,tablet,,,,,,0.00,f,,
WS-540,3610,,2025-09-06 20:55:03.924745,,,,,,,mobile,,,,,,0.00,f,,
WS-541,3613,,2025-09-23 20:55:03.924745,,,,,,,tablet,,,,,,0.00,f,,
WS-542,3616,,2025-08-30 20:55:03.924745,,,,,,,mobile,,,,,,0.00,f,,
WS-543,3619,,2025-08-26 20:55:03.924745,,,,,,,tablet,,,,,,0.00,f,,
WS-544,3638,,2025-09-16 20:55:03.924745,,,,,,,mobile,,,,,,0.00,f,,
WS-545,3642,,2025-09-06 20:55:03.924745,,,,,,,tablet,,,,,,0.00,f,,
WS-546,3643,,2025-09-22 20:55:03.924745,,,,,,,mobile,,,,,,0.00,f,,
WS-547,3645,,2025-09-17 20:55:03.924745,,,,,,,tablet,,,,,,0.00,f,,
WS-548,3647,,2025-09-23 20:55:03.924745,,,,,,,mobile,,,,,,0.00,f,,
WS-549,3658,,2025-09-21 20:55:03.924745,,,,,,,mobile,,,,,,0.00,f,,
WS-550,3667,,2025-09-07 20:55:03.924745,,,,,,,tablet,,,,,,0.00,f,,
WS-551,3672,,2025-09-01 20:55:03.924745,,,,,,,mobile,,,,,,0.00,f,,
WS-552,3680,,2025-08-31 20:55:03.924745,,,,,,,mobile,,,,,,0.00,f,,
WS-553,3685,,2025-09-16 20:55:03.924745,,,,,,,desktop,,,,,,0.00,f,,
WS-554,3686,,2025-08-27 20:55:03.924745,,,,,,,tablet,,,,,,0.00,f,,
WS-555,3700,,2025-09-22 20:55:03.924745,,,,,,,mobile,,,,,,0.00,f,,
WS-556,3706,,2025-09-02 20:55:03.924745,,,,,,,tablet,,,,,,0.00,f,,
WS-557,3715,,2025-09-17 20:55:03.924745,,,,,,,tablet,,,,,,0.00,f,,
WS-558,3722,,2025-09-01 20:55:03.924745,,,,,,,desktop,,,,,,0.00,f,,
WS-559,3725,,2025-09-06 20:55:03.924745,,,,,,,tablet,,,,,,0.00,f,,
WS-560,3726,,2025-09-06 20:55:03.924745,,,,,,,tablet,,,,,,0.00,f,,
WS-561,3740,,2025-09-08 20:55:03.924745,,,,,,,desktop,,,,,,0.00,f,,
WS-562,3743,,2025-09-24 20:55:03.924745,,,,,,,tablet,,,,,,0.00,f,,
WS-563,3753,,2025-08-25 20:55:03.924745,,,,,,,tablet,,,,,,0.00,f,,
WS-564,3755,,2025-08-26 20:55:03.924745,,,,,,,tablet,,,,,,0.00,f,,
WS-565,3765,,2025-09-09 20:55:03.924745,,,,,,,tablet,,,,,,0.00,f,,
WS-566,3771,,2025-09-04 20:55:03.924745,,,,,,,mobile,,,,,,0.00,f,,
WS-567,3777,,2025-08-26 20:55:03.924745,,,,,,,mobile,,,,,,0.00,f,,
WS-568,3783,,2025-08-29 20:55:03.924745,,,,,,,mobile,,,,,,0.00,f,,
WS-569,3793,,2025-08-30 20:55:03.924745,,,,,,,tablet,,,,,,0.00,f,,
WS-570,3814,,2025-09-17 20:55:03.924745,,,,,,,tablet,,,,,,0.00,f,,
WS-571,3817,,2025-09-20 20:55:03.924745,,,,,,,tablet,,,,,,0.00,f,,
WS-572,3818,,2025-08-31 20:55:03.924745,,,,,,,mobile,,,,,,0.00,f,,
WS-573,3820,,2025-09-21 20:55:03.924745,,,,,,,tablet,,,,,,0.00,f,,
WS-574,3822,,2025-08-30 20:55:03.924745,,,,,,,tablet,,,,,,0.00,f,,
WS-575,3827,,2025-09-03 20:55:03.924745,,,,,,,tablet,,,,,,0.00,f,,
WS-576,3828,,2025-09-23 20:55:03.924745,,,,,,,mobile,,,,,,0.00,f,,
WS-577,3832,,2025-09-11 20:55:03.924745,,,,,,,mobile,,,,,,0.00,f,,
WS-578,3834,,2025-09-18 20:55:03.924745,,,,,,,mobile,,,,,,0.00,f,,
WS-579,3839,,2025-09-15 20:55:03.924745,,,,,,,mobile,,,,,,0.00,f,,
WS-580,3845,,2025-09-21 20:55:03.924745,,,,,,,desktop,,,,,,0.00,f,,
WS-581,3850,,2025-09-14 20:55:03.924745,,,,,,,tablet,,,,,,0.00,f,,
WS-582,3852,,2025-09-18 20:55:03.924745,,,,,,,mobile,,,,,,0.00,f,,
WS-583,3868,,2025-09-11 20:55:03.924745,,,,,,,tablet,,,,,,0.00,f,,
WS-584,3873,,2025-09-20 20:55:03.924745,,,,,,,tablet,,,,,,0.00,f,,
WS-585,3884,,2025-08-26 20:55:03.924745,,,,,,,mobile,,,,,,0.00,f,,
WS-586,3889,,2025-09-05 20:55:03.924745,,,,,,,tablet,,,,,,0.00,f,,
WS-587,3893,,2025-09-13 20:55:03.924745,,,,,,,desktop,,,,,,0.00,f,,
WS-588,3894,,2025-09-16 20:55:03.924745,,,,,,,tablet,,,,,,0.00,f,,
WS-589,3897,,2025-09-02 20:55:03.924745,,,,,,,tablet,,,,,,0.00,f,,
WS-590,3907,,2025-09-06 20:55:03.924745,,,,,,,mobile,,,,,,0.00,f,,
WS-591,3913,,2025-08-26 20:55:03.924745,,,,,,,tablet,,,,,,0.00,f,,
WS-592,3921,,2025-09-22 20:55:03.924745,,,,,,,mobile,,,,,,0.00,f,,
WS-593,3924,,2025-09-17 20:55:03.924745,,,,,,,desktop,,,,,,0.00,f,,
WS-594,3926,,2025-09-07 20:55:03.924745,,,,,,,mobile,,,,,,0.00,f,,
WS-595,3929,,2025-09-23 20:55:03.924745,,,,,,,tablet,,,,,,0.00,f,,
WS-596,3934,,2025-08-26 20:55:03.924745,,,,,,,mobile,,,,,,0.00,f,,
WS-597,3948,,2025-08-29 20:55:03.924745,,,,,,,desktop,,,,,,0.00,f,,
WS-598,3953,,2025-09-12 20:55:03.924745,,,,,,,tablet,,,,,,0.00,f,,
WS-599,3959,,2025-09-04 20:55:03.924745,,,,,,,mobile,,,,,,0.00,f,,
WS-600,3969,,2025-09-21 20:55:03.924745,,,,,,,tablet,,,,,,0.00,f,,
WS-601,3972,,2025-09-02 20:55:03.924745,,,,,,,mobile,,,,,,0.00,f,,
WS-602,3976,,2025-09-18 20:55:03.924745,,,,,,,tablet,,,,,,0.00,f,,
WS-603,3982,,2025-09-17 20:55:03.924745,,,,,,,tablet,,,,,,0.00,f,,
WS-604,3983,,2025-09-07 20:55:03.924745,,,,,,,tablet,,,,,,0.00,f,,
WS-605,4001,,2025-09-02 20:55:03.924745,,,,,,,tablet,,,,,,0.00,f,,
WS-606,4005,,2025-09-16 20:55:03.924745,,,,,,,desktop,,,,,,0.00,f,,
WS-607,4006,,2025-09-18 20:55:03.924745,,,,,,,mobile,,,,,,0.00,f,,
WS-608,4007,,2025-09-02 20:55:03.924745,,,,,,,mobile,,,,,,0.00,f,,
WS-609,4012,,2025-09-17 20:55:03.924745,,,,,,,mobile,,,,,,0.00,f,,
WS-610,4016,,2025-09-19 20:55:03.924745,,,,,,,tablet,,,,,,0.00,f,,
WS-611,4022,,2025-08-28 20:55:03.924745,,,,,,,tablet,,,,,,0.00,f,,
WS-612,4041,,2025-08-26 20:55:03.924745,,,,,,,desktop,,,,,,0.00,f,,
WS-613,4043,,2025-09-20 20:55:03.924745,,,,,,,tablet,,,,,,0.00,f,,
WS-614,4062,,2025-08-28 20:55:03.924745,,,,,,,desktop,,,,,,0.00,f,,
WS-615,4080,,2025-09-01 20:55:03.924745,,,,,,,mobile,,,,,,0.00,f,,
WS-616,4081,,2025-08-31 20:55:03.924745,,,,,,,mobile,,,,,,0.00,f,,
WS-617,4084,,2025-09-08 20:55:03.924745,,,,,,,desktop,,,,,,0.00,f,,
WS-618,4086,,2025-09-08 20:55:03.924745,,,,,,,mobile,,,,,,0.00,f,,
WS-619,4094,,2025-09-20 20:55:03.924745,,,,,,,desktop,,,,,,0.00,f,,
WS-620,4100,,2025-09-24 20:55:03.924745,,,,,,,mobile,,,,,,0.00,f,,
WS-621,4113,,2025-08-27 20:55:03.924745,,,,,,,desktop,,,,,,0.00,f,,
WS-622,4115,,2025-09-22 20:55:03.924745,,,,,,,tablet,,,,,,0.00,f,,
WS-623,4125,,2025-09-03 20:55:03.924745,,,,,,,mobile,,,,,,0.00,f,,
WS-624,4128,,2025-09-11 20:55:03.924745,,,,,,,tablet,,,,,,0.00,f,,
WS-625,4139,,2025-09-18 20:55:03.924745,,,,,,,mobile,,,,,,0.00,f,,
WS-626,4140,,2025-09-23 20:55:03.924745,,,,,,,mobile,,,,,,0.00,f,,
WS-627,4144,,2025-08-25 20:55:03.924745,,,,,,,tablet,,,,,,0.00,f,,
WS-628,4150,,2025-09-18 20:55:03.924745,,,,,,,tablet,,,,,,0.00,f,,
WS-629,4153,,2025-09-08 20:55:03.924745,,,,,,,mobile,,,,,,0.00,f,,
WS-630,4158,,2025-09-24 20:55:03.924745,,,,,,,tablet,,,,,,0.00,f,,
WS-631,4167,,2025-09-09 20:55:03.924745,,,,,,,tablet,,,,,,0.00,f,,
WS-632,4168,,2025-09-02 20:55:03.924745,,,,,,,mobile,,,,,,0.00,f,,
WS-633,4172,,2025-09-11 20:55:03.924745,,,,,,,mobile,,,,,,0.00,f,,
WS-634,4179,,2025-08-28 20:55:03.924745,,,,,,,tablet,,,,,,0.00,f,,
WS-635,4190,,2025-09-01 20:55:03.924745,,,,,,,desktop,,,,,,0.00,f,,
WS-636,4197,,2025-08-29 20:55:03.924745,,,,,,,tablet,,,,,,0.00,f,,
WS-637,4217,,2025-09-12 20:55:03.924745,,,,,,,mobile,,,,,,0.00,f,,
WS-638,4219,,2025-09-18 20:55:03.924745,,,,,,,mobile,,,,,,0.00,f,,
WS-639,4220,,2025-09-20 20:55:03.924745,,,,,,,tablet,,,,,,0.00,f,,
WS-640,4225,,2025-09-20 20:55:03.924745,,,,,,,tablet,,,,,,0.00,f,,
WS-641,4231,,2025-09-15 20:55:03.924745,,,,,,,mobile,,,,,,0.00,f,,
WS-642,4232,,2025-09-15 20:55:03.924745,,,,,,,mobile,,,,,,0.00,f,,
WS-643,4234,,2025-09-14 20:55:03.924745,,,,,,,tablet,,,,,,0.00,f,,
WS-644,4241,,2025-09-05 20:55:03.924745,,,,,,,desktop,,,,,,0.00,f,,
WS-645,4246,,2025-09-10 20:55:03.924745,,,,,,,desktop,,,,,,0.00,f,,
WS-646,4253,,2025-08-29 20:55:03.924745,,,,,,,desktop,,,,,,0.00,f,,
WS-647,4257,,2025-09-01 20:55:03.924745,,,,,,,mobile,,,,,,0.00,f,,
WS-648,4261,,2025-09-02 20:55:03.924745,,,,,,,tablet,,,,,,0.00,f,,
WS-649,4264,,2025-09-08 20:55:03.924745,,,,,,,tablet,,,,,,0.00,f,,
WS-650,4270,,2025-09-14 20:55:03.924745,,,,,,,mobile,,,,,,0.00,f,,
WS-651,4273,,2025-09-08 20:55:03.924745,,,,,,,tablet,,,,,,0.00,f,,
WS-652,4278,,2025-09-10 20:55:03.924745,,,,,,,mobile,,,,,,0.00,f,,
WS-653,4287,,2025-09-12 20:55:03.924745,,,,,,,mobile,,,,,,0.00,f,,
WS-654,4302,,2025-09-10 20:55:03.924745,,,,,,,desktop,,,,,,0.00,f,,
WS-655,4305,,2025-09-18 20:55:03.924745,,,,,,,mobile,,,,,,0.00,f,,
WS-656,4310,,2025-09-08 20:55:03.924745,,,,,,,desktop,,,,,,0.00,f,,
WS-657,4314,,2025-09-17 20:55:03.924745,,,,,,,tablet,,,,,,0.00,f,,
WS-658,4316,,2025-08-25 20:55:03.924745,,,,,,,tablet,,,,,,0.00,f,,
WS-659,4341,,2025-09-01 20:55:03.924745,,,,,,,tablet,,,,,,0.00,f,,
WS-660,4347,,2025-09-04 20:55:03.924745,,,,,,,mobile,,,,,,0.00,f,,
WS-661,4348,,2025-08-30 20:55:03.924745,,,,,,,mobile,,,,,,0.00,f,,
WS-662,4352,,2025-08-30 20:55:03.924745,,,,,,,mobile,,,,,,0.00,f,,
WS-663,4358,,2025-09-09 20:55:03.924745,,,,,,,tablet,,,,,,0.00,f,,
WS-664,4359,,2025-09-02 20:55:03.924745,,,,,,,mobile,,,,,,0.00,f,,
WS-665,4376,,2025-08-29 20:55:03.924745,,,,,,,mobile,,,,,,0.00,f,,
WS-666,4380,,2025-09-21 20:55:03.924745,,,,,,,tablet,,,,,,0.00,f,,
WS-667,4384,,2025-09-02 20:55:03.924745,,,,,,,mobile,,,,,,0.00,f,,
WS-668,4386,,2025-09-03 20:55:03.924745,,,,,,,tablet,,,,,,0.00,f,,
WS-669,4391,,2025-09-17 20:55:03.924745,,,,,,,desktop,,,,,,0.00,f,,
WS-670,4396,,2025-09-18 20:55:03.924745,,,,,,,mobile,,,,,,0.00,f,,
WS-671,4397,,2025-09-08 20:55:03.924745,,,,,,,tablet,,,,,,0.00,f,,
WS-672,4398,,2025-09-06 20:55:03.924745,,,,,,,mobile,,,,,,0.00,f,,
WS-673,4399,,2025-08-29 20:55:03.924745,,,,,,,mobile,,,,,,0.00,f,,
WS-674,4413,,2025-09-06 20:55:03.924745,,,,,,,mobile,,,,,,0.00,f,,
WS-675,4415,,2025-09-22 20:55:03.924745,,,,,,,tablet,,,,,,0.00,f,,
WS-676,4421,,2025-09-17 20:55:03.924745,,,,,,,mobile,,,,,,0.00,f,,
WS-677,4426,,2025-09-21 20:55:03.924745,,,,,,,desktop,,,,,,0.00,f,,
WS-678,4431,,2025-09-11 20:55:03.924745,,,,,,,mobile,,,,,,0.00,f,,
WS-679,4437,,2025-09-01 20:55:03.924745,,,,,,,desktop,,,,,,0.00,f,,
WS-680,4439,,2025-09-01 20:55:03.924745,,,,,,,desktop,,,,,,0.00,f,,
WS-681,4441,,2025-08-29 20:55:03.924745,,,,,,,tablet,,,,,,0.00,f,,
WS-682,4446,,2025-09-16 20:55:03.924745,,,,,,,mobile,,,,,,0.00,f,,
WS-683,4450,,2025-09-01 20:55:03.924745,,,,,,,mobile,,,,,,0.00,f,,
WS-684,4454,,2025-09-20 20:55:03.924745,,,,,,,mobile,,,,,,0.00,f,,
WS-685,4455,,2025-09-14 20:55:03.924745,,,,,,,mobile,,,,,,0.00,f,,
WS-686,4460,,2025-09-08 20:55:03.924745,,,,,,,mobile,,,,,,0.00,f,,
WS-687,4481,,2025-09-12 20:55:03.924745,,,,,,,tablet,,,,,,0.00,f,,
WS-688,4495,,2025-09-09 20:55:03.924745,,,,,,,mobile,,,,,,0.00,f,,
WS-689,4505,,2025-09-11 20:55:03.924745,,,,,,,mobile,,,,,,0.00,f,,
WS-690,4509,,2025-09-20 20:55:03.924745,,,,,,,mobile,,,,,,0.00,f,,
WS-691,4512,,2025-09-14 20:55:03.924745,,,,,,,mobile,,,,,,0.00,f,,
WS-692,4525,,2025-09-19 20:55:03.924745,,,,,,,tablet,,,,,,0.00,f,,
WS-693,4536,,2025-09-02 20:55:03.924745,,,,,,,tablet,,,,,,0.00,f,,
WS-694,4540,,2025-09-17 20:55:03.924745,,,,,,,desktop,,,,,,0.00,f,,
WS-695,4548,,2025-09-07 20:55:03.924745,,,,,,,tablet,,,,,,0.00,f,,
WS-696,4556,,2025-09-02 20:55:03.924745,,,,,,,desktop,,,,,,0.00,f,,
WS-697,4559,,2025-09-08 20:55:03.924745,,,,,,,mobile,,,,,,0.00,f,,
WS-698,4568,,2025-09-10 20:55:03.924745,,,,,,,desktop,,,,,,0.00,f,,
WS-699,4569,,2025-09-07 20:55:03.924745,,,,,,,mobile,,,,,,0.00,f,,
WS-700,4574,,2025-09-07 20:55:03.924745,,,,,,,tablet,,,,,,0.00,f,,
WS-701,4575,,2025-09-04 20:55:03.924745,,,,,,,tablet,,,,,,0.00,f,,
WS-702,4584,,2025-08-31 20:55:03.924745,,,,,,,mobile,,,,,,0.00,f,,
WS-703,4590,,2025-09-06 20:55:03.924745,,,,,,,mobile,,,,,,0.00,f,,
WS-704,4597,,2025-08-25 20:55:03.924745,,,,,,,tablet,,,,,,0.00,f,,
WS-705,4599,,2025-09-13 20:55:03.924745,,,,,,,tablet,,,,,,0.00,f,,
WS-706,4612,,2025-08-26 20:55:03.924745,,,,,,,tablet,,,,,,0.00,f,,
WS-707,4622,,2025-08-28 20:55:03.924745,,,,,,,tablet,,,,,,0.00,f,,
WS-708,4624,,2025-08-29 20:55:03.924745,,,,,,,tablet,,,,,,0.00,f,,
WS-709,4629,,2025-09-05 20:55:03.924745,,,,,,,tablet,,,,,,0.00,f,,
WS-710,4639,,2025-09-21 20:55:03.924745,,,,,,,tablet,,,,,,0.00,f,,
WS-711,4643,,2025-09-11 20:55:03.924745,,,,,,,mobile,,,,,,0.00,f,,
WS-712,4658,,2025-08-25 20:55:03.924745,,,,,,,tablet,,,,,,0.00,f,,
WS-713,4661,,2025-09-20 20:55:03.924745,,,,,,,mobile,,,,,,0.00,f,,
WS-714,4671,,2025-09-15 20:55:03.924745,,,,,,,tablet,,,,,,0.00,f,,
WS-715,4676,,2025-09-10 20:55:03.924745,,,,,,,tablet,,,,,,0.00,f,,
WS-716,4677,,2025-09-13 20:55:03.924745,,,,,,,desktop,,,,,,0.00,f,,
WS-717,4678,,2025-09-03 20:55:03.924745,,,,,,,desktop,,,,,,0.00,f,,
WS-718,4679,,2025-09-15 20:55:03.924745,,,,,,,tablet,,,,,,0.00,f,,
WS-719,4689,,2025-09-03 20:55:03.924745,,,,,,,desktop,,,,,,0.00,f,,
WS-720,4699,,2025-09-09 20:55:03.924745,,,,,,,tablet,,,,,,0.00,f,,
WS-721,4702,,2025-09-18 20:55:03.924745,,,,,,,tablet,,,,,,0.00,f,,
WS-722,4707,,2025-09-10 20:55:03.924745,,,,,,,tablet,,,,,,0.00,f,,
WS-723,4709,,2025-09-11 20:55:03.924745,,,,,,,mobile,,,,,,0.00,f,,
WS-724,4713,,2025-09-22 20:55:03.924745,,,,,,,tablet,,,,,,0.00,f,,
WS-725,4719,,2025-09-02 20:55:03.924745,,,,,,,tablet,,,,,,0.00,f,,
WS-726,4729,,2025-09-06 20:55:03.924745,,,,,,,tablet,,,,,,0.00,f,,
WS-727,4736,,2025-09-01 20:55:03.924745,,,,,,,mobile,,,,,,0.00,f,,
WS-728,4752,,2025-09-13 20:55:03.924745,,,,,,,tablet,,,,,,0.00,f,,
WS-729,4757,,2025-09-13 20:55:03.924745,,,,,,,desktop,,,,,,0.00,f,,
WS-730,4784,,2025-08-28 20:55:03.924745,,,,,,,mobile,,,,,,0.00,f,,
WS-731,4785,,2025-09-09 20:55:03.924745,,,,,,,mobile,,,,,,0.00,f,,
WS-732,4788,,2025-09-12 20:55:03.924745,,,,,,,desktop,,,,,,0.00,f,,
WS-733,4789,,2025-09-18 20:55:03.924745,,,,,,,tablet,,,,,,0.00,f,,
WS-734,4793,,2025-09-05 20:55:03.924745,,,,,,,tablet,,,,,,0.00,f,,
WS-735,4794,,2025-09-17 20:55:03.924745,,,,,,,mobile,,,,,,0.00,f,,
WS-736,4808,,2025-08-31 20:55:03.924745,,,,,,,desktop,,,,,,0.00,f,,
WS-737,4814,,2025-09-16 20:55:03.924745,,,,,,,tablet,,,,,,0.00,f,,
WS-738,4819,,2025-09-22 20:55:03.924745,,,,,,,tablet,,,,,,0.00,f,,
WS-739,4821,,2025-09-20 20:55:03.924745,,,,,,,mobile,,,,,,0.00,f,,
WS-740,4836,,2025-08-29 20:55:03.924745,,,,,,,mobile,,,,,,0.00,f,,
WS-741,4837,,2025-09-11 20:55:03.924745,,,,,,,tablet,,,,,,0.00,f,,
WS-742,4838,,2025-09-13 20:55:03.924745,,,,,,,mobile,,,,,,0.00,f,,
WS-743,4844,,2025-09-19 20:55:03.924745,,,,,,,mobile,,,,,,0.00,f,,
WS-744,4847,,2025-08-26 20:55:03.924745,,,,,,,mobile,,,,,,0.00,f,,
WS-745,4848,,2025-09-02 20:55:03.924745,,,,,,,mobile,,,,,,0.00,f,,
WS-746,4869,,2025-09-16 20:55:03.924745,,,,,,,mobile,,,,,,0.00,f,,
WS-747,4872,,2025-09-11 20:55:03.924745,,,,,,,tablet,,,,,,0.00,f,,
WS-748,4878,,2025-09-04 20:55:03.924745,,,,,,,desktop,,,,,,0.00,f,,
WS-749,4879,,2025-09-11 20:55:03.924745,,,,,,,desktop,,,,,,0.00,f,,
WS-750,4885,,2025-09-11 20:55:03.924745,,,,,,,tablet,,,,,,0.00,f,,
